Energy_GeV,g1,g2,g3
91.18760000000002,1.2 - 0.0j,0.15 - 0.0j,0.02 - 0.0j
94.18677004080983,1.20038832964042 - 0.0j,0.1500485412050525 - 0.0j,0.02000647216067367 - 0.0j
97.28458310911122,1.2007766592808402 - 0.0j,0.15009708241010503 - 0.0j,0.02001294432134734 - 0.0j
100.48428358476274,1.2011649889212606 - 0.0j,0.15014562361515757 - 0.0j,0.020019416482021008 - 0.0j
103.78922255562779,1.2015533185616807 - 0.0j,0.15019416482021009 - 0.0j,0.020025888642694677 - 0.0j
107.20286132721282,1.2019416482021008 - 0.0j,0.1502427060252626 - 0.0j,0.020032360803368347 - 0.0j
110.72877504773689,1.202329977842521 - 0.0j,0.15029124723031512 - 0.0j,0.020038832964042016 - 0.0j
114.37065645243169,1.2027183074829415 - 0.0j,0.1503397884353677 - 0.0j,0.020045305124715692 - 0.0j
118.13231973099018,1.2031066371233616 - 0.0j,0.1503883296404202 - 0.0j,0.02005177728538936 - 0.0j
122.01770452221791,1.2034949667637818 - 0.0j,0.15043687084547272 - 0.0j,0.02005824944606303 - 0.0j
126.03088004006699,1.2038832964042019 - 0.0j,0.15048541205052524 - 0.0j,0.0200647216067367 - 0.0j
130.17604933537766,1.204271626044622 - 0.0j,0.15053395325557775 - 0.0j,0.02007119376741037 - 0.0j
134.45755369778703,1.2046599556850424 - 0.0j,0.1505824944606303 - 0.0j,0.020077665928084038 - 0.0j
138.8798772024191,1.2050482853254625 - 0.0j,0.1506310356656828 - 0.0j,0.020084138088757707 - 0.0j
143.44765140611383,1.2054366149658826 - 0.0j,0.15067957687073533 - 0.0j,0.020090610249431377 - 0.0j
148.16566019811793,1.2058249446063027 - 0.0j,0.15072811807578784 - 0.0j,0.020097082410105046 - 0.0j
153.03884481031298,1.2062132742467229 - 0.0j,0.15077665928084036 - 0.0j,0.02010355457077872 - 0.0j
158.07230899223273,1.2066016038871432 - 0.0j,0.1508252004858929 - 0.0j,0.020110026731452388 - 0.0j
163.27132435628602,1.2069899335275633 - 0.0j,0.15087374169094542 - 0.0j,0.020116498892126057 - 0.0j
168.6413358987842,1.2073782631679835 - 0.0j,0.15092228289599793 - 0.0j,0.020122971052799726 - 0.0j
174.18796770255784,1.2077665928084036 - 0.0j,0.15097082410105045 - 0.0j,0.020129443213473396 - 0.0j
179.91702882713017,1.2081549224488237 - 0.0j,0.15101936530610297 - 0.0j,0.020135915374147065 - 0.0j
185.83451939262213,1.2085432520892443 - 0.0j,0.15106790651115554 - 0.0j,0.020142387534820737 - 0.0j
191.94663686375455,1.2089315817296644 - 0.0j,0.15111644771620805 - 0.0j,0.020148859695494407 - 0.0j
198.25978254053499,1.2093199113700845 - 0.0j,0.15116498892126057 - 0.0j,0.020155331856168076 - 0.0j
204.78056826242076,1.2097082410105047 - 0.0j,0.15121353012631308 - 0.0j,0.02016180401684175 - 0.0j
211.51582333298597,1.210096570650925 - 0.0j,0.15126207133136563 - 0.0j,0.020168276177515418 - 0.0j
218.47260167233807,1.2104849002913451 - 0.0j,0.15131061253641814 - 0.0j,0.020174748338189087 - 0.0j
225.65818920478156,1.2108732299317653 - 0.0j,0.15135915374147066 - 0.0j,0.020181220498862756 - 0.0j
233.08011148946048,1.2112615595721854 - 0.0j,0.15140769494652317 - 0.0j,0.020187692659536426 - 0.0j
240.74614160197373,1.2116498892126055 - 0.0j,0.1514562361515757 - 0.0j,0.020194164820210095 - 0.0j
248.66430827521862,1.2120382188530259 - 0.0j,0.15150477735662823 - 0.0j,0.020200636980883764 - 0.0j
256.84290430798757,1.212426548493446 - 0.0j,0.15155331856168075 - 0.0j,0.020207109141557433 - 0.0j
265.29049525012346,1.2128148781338661 - 0.0j,0.15160185976673327 - 0.0j,0.020213581302231103 - 0.0j
274.01592837333055,1.2132032077742863 - 0.0j,0.15165040097178578 - 0.0j,0.020220053462904772 - 0.0j
283.0283419370387,1.2135915374147064 - 0.0j,0.1516989421768383 - 0.0j,0.02022652562357844 - 0.0j
292.3371747590192,1.213979867055127 - 0.0j,0.15174748338189087 - 0.0j,0.020232997784252117 - 0.0j
301.95217610078333,1.214368196695547 - 0.0j,0.15179602458694338 - 0.0j,0.020239469944925786 - 0.0j
311.88341587810817,1.2147565263359672 - 0.0j,0.1518445657919959 - 0.0j,0.020245942105599456 - 0.0j
322.1412952073927,1.2151448559763873 - 0.0j,0.15189310699704842 - 0.0j,0.020252414266273125 - 0.0j
332.7365572988796,1.2155331856168077 - 0.0j,0.15194164820210096 - 0.0j,0.020258886426946794 - 0.0j
343.6802987081613,1.2159215152572278 - 0.0j,0.15199018940715348 - 0.0j,0.020265358587620463 - 0.0j
354.9839809577442,1.216309844897648 - 0.0j,0.152038730612206 - 0.0j,0.020271830748294133 - 0.0j
366.65944254085264,1.216698174538068 - 0.0j,0.1520872718172585 - 0.0j,0.020278302908967802 - 0.0j
378.71891132003503,1.2170865041784882 - 0.0j,0.15213581302231102 - 0.0j,0.02028477506964147 - 0.0j
391.17501733356295,1.2174748338189085 - 0.0j,0.15218435422736357 - 0.0j,0.02029124723031514 - 0.0j
404.0408060230346,1.2178631634593287 - 0.0j,0.15223289543241608 - 0.0j,0.020297719390988813 - 0.0j
417.32975189603616,1.2182514930997488 - 0.0j,0.1522814366374686 - 0.0j,0.020304191551662482 - 0.0j
431.0557726381678,1.218639822740169 - 0.0j,0.1523299778425211 - 0.0j,0.02031066371233615 - 0.0j
445.2332436892153,1.219028152380589 - 0.0j,0.15237851904757363 - 0.0j,0.02031713587300982 - 0.0j
459.87701329873784,1.2194164820210096 - 0.0j,0.1524270602526262 - 0.0j,0.020323608033683493 - 0.0j
475.00241807682886,1.2198048116614297 - 0.0j,0.15247560145767872 - 0.0j,0.020330080194357163 - 0.0j
490.62529905635097,1.2201931413018499 - 0.0j,0.15252414266273123 - 0.0j,0.020336552355030832 - 0.0j
506.76201828345137,1.22058147094227 - 0.0j,0.15257268386778375 - 0.0j,0.0203430245157045 - 0.0j
523.4294759537489,1.2209698005826903 - 0.0j,0.1526212250728363 - 0.0j,0.02034949667637817 - 0.0j
540.6451281121267,1.2213581302231105 - 0.0j,0.1526697662778888 - 0.0j,0.020355968837051843 - 0.0j
558.4270049346738,1.2217464598635306 - 0.0j,0.15271830748294132 - 0.0j,0.020362440997725512 - 0.0j
576.7937296119239,1.2221347895039507 - 0.0j,0.15276684868799384 - 0.0j,0.02036891315839918 - 0.0j
595.7645378531652,1.2225231191443708 - 0.0j,0.15281538989304636 - 0.0j,0.02037538531907285 - 0.0j
615.3592980322483,1.2229114487847912 - 0.0j,0.1528639310980989 - 0.0j,0.02038185747974652 - 0.0j
635.5985319959901,1.2232997784252113 - 0.0j,0.15291247230315141 - 0.0j,0.02038832964042019 - 0.0j
656.5034365569726,1.2236881080656314 - 0.0j,0.15296101350820393 - 0.0j,0.02039480180109386 - 0.0j
678.0959056932403,1.2240764377060516 - 0.0j,0.15300955471325645 - 0.0j,0.020401273961767528 - 0.0j
700.3985534781475,1.2244647673464717 - 0.0j,0.15305809591830896 - 0.0j,0.020407746122441197 - 0.0j
723.434737764368,1.2248530969868923 - 0.0j,0.15310663712336153 - 0.0j,0.020414218283114873 - 0.0j
747.2285846468831,1.2252414266273124 - 0.0j,0.15315517832841405 - 0.0j,0.020420690443788542 - 0.0j
771.8050137305482,1.2256297562677325 - 0.0j,0.15320371953346656 - 0.0j,0.02042716260446221 - 0.0j
797.1897642287246,1.2260180859081526 - 0.0j,0.15325226073851908 - 0.0j,0.02043363476513588 - 0.0j
823.4094219202857,1.226406415548573 - 0.0j,0.15330080194357162 - 0.0j,0.02044010692580955 - 0.0j
850.4914469932542,1.2267947451889931 - 0.0j,0.15334934314862414 - 0.0j,0.02044657908648322 - 0.0j
878.4642028042109,1.2271830748294132 - 0.0j,0.15339788435367666 - 0.0j,0.02045305124715689 - 0.0j
907.3569855836054,1.2275714044698334 - 0.0j,0.15344642555872917 - 0.0j,0.020459523407830558 - 0.0j
937.2000551180795,1.2279597341102535 - 0.0j,0.1534949667637817 - 0.0j,0.020465995568504227 - 0.0j
968.0246664419373,1.2283480637506738 - 0.0j,0.15354350796883423 - 0.0j,0.020472467729177896 - 0.0j
999.8631025709462,1.228736393391094 - 0.0j,0.15359204917388675 - 0.0j,0.020478939889851566 - 0.0j
1032.7487083127576,1.229124723031514 - 0.0j,0.15364059037893926 - 0.0j,0.020485412050525235 - 0.0j
1066.715925189357,1.2295130526719342 - 0.0j,0.15368913158399178 - 0.0j,0.020491884211198904 - 0.0j
1101.8003275081219,1.2299013823123544 - 0.0j,0.1537376727890443 - 0.0j,0.020498356371872577 - 0.0j
1138.0386596192518,1.230289711952775 - 0.0j,0.15378621399409687 - 0.0j,0.02050482853254625 - 0.0j
1175.4688743986007,1.230678041593195 - 0.0j,0.15383475519914938 - 0.0j,0.02051130069321992 - 0.0j
1214.1301729962245,1.2310663712336152 - 0.0j,0.1538832964042019 - 0.0j,0.020517772853893588 - 0.0j
1254.0630458922494,1.2314547008740353 - 0.0j,0.1539318376092544 - 0.0j,0.020524245014567257 - 0.0j
1295.3093153030773,1.2318430305144557 - 0.0j,0.15398037881430696 - 0.0j,0.020530717175240926 - 0.0j
1337.9121789823364,1.2322313601548758 - 0.0j,0.15402892001935947 - 0.0j,0.020537189335914596 - 0.0j
1381.9162554624538,1.232619689795296 - 0.0j,0.154077461224412 - 0.0j,0.020543661496588265 - 0.0j
1427.3676307842206,1.233008019435716 - 0.0j,0.1541260024294645 - 0.0j,0.020550133657261934 - 0.0j
1474.313906763299,1.2333963490761362 - 0.0j,0.15417454363451702 - 0.0j,0.020556605817935607 - 0.0j
1522.8042508442231,1.2337846787165565 - 0.0j,0.15422308483956956 - 0.0j,0.020563077978609276 - 0.0j
1572.8894475941077,1.2341730083569766 - 0.0j,0.15427162604462208 - 0.0j,0.020569550139282945 - 0.0j
1624.6219518899793,1.2345613379973968 - 0.0j,0.1543201672496746 - 0.0j,0.020576022299956614 - 0.0j
1678.0559438554492,1.2349496676378169 - 0.0j,0.1543687084547271 - 0.0j,0.020582494460630284 - 0.0j
1733.2473856042618,1.235337997278237 - 0.0j,0.15441724965977963 - 0.0j,0.020588966621303953 - 0.0j
1790.254079850148,1.2357263269186574 - 0.0j,0.15446579086483217 - 0.0j,0.020595438781977622 - 0.0j
1849.1357304443538,1.2361146565590777 - 0.0j,0.1545143320698847 - 0.0j,0.020601910942651295 - 0.0j
1909.954004904254,1.2365029861994978 - 0.0j,0.15456287327493723 - 0.0j,0.020608383103324964 - 0.0j
1972.772598998555,1.236891315839918 - 0.0j,0.15461141447998974 - 0.0j,0.020614855263998637 - 0.0j
2037.657303456695,1.2372796454803383 - 0.0j,0.1546599556850423 - 0.0j,0.020621327424672306 - 0.0j
2104.676072872325,1.2376679751207584 - 0.0j,0.1547084968900948 - 0.0j,0.020627799585345975 - 0.0j
2173.899096873043,1.2380563047611786 - 0.0j,0.15475703809514732 - 0.0j,0.020634271746019645 - 0.0j
2245.3988736309034,1.2384446344015987 - 0.0j,0.15480557930019984 - 0.0j,0.020640743906693314 - 0.0j
2319.250285790693,1.2388329640420188 - 0.0j,0.15485412050525235 - 0.0j,0.020647216067366983 - 0.0j
2395.5306788954917,1.2392212936824392 - 0.0j,0.1549026617103049 - 0.0j,0.020653688228040652 - 0.0j
2474.3199423916694,1.2396096233228593 - 0.0j,0.1549512029153574 - 0.0j,0.02066016038871432 - 0.0j
2555.700593298144,1.2399979529632794 - 0.0j,0.15499974412040993 - 0.0j,0.02066663254938799 - 0.0j
2639.7578626275244,1.2403862826036995 - 0.0j,0.15504828532546244 - 0.0j,0.02067310471006166 - 0.0j
2726.57978464965,1.2407746122441197 - 0.0j,0.15509682653051496 - 0.0j,0.02067957687073533 - 0.0j
2816.25728909103,1.2411629418845402 - 0.0j,0.15514536773556753 - 0.0j,0.020686049031409005 - 0.0j
2908.884296366734,1.2415512715249604 - 0.0j,0.15519390894062005 - 0.0j,0.020692521192082675 - 0.0j
3004.557815944455,1.2419396011653805 - 0.0j,0.15524245014567256 - 0.0j,0.020698993352756344 - 0.0j
3103.378047943778,1.2423279308058006 - 0.0j,0.15529099135072508 - 0.0j,0.020705465513430013 - 0.0j
3205.448488077082,1.242716260446221 - 0.0j,0.15533953255577762 - 0.0j,0.020711937674103682 - 0.0j
3310.8760360419374,1.243104590086641 - 0.0j,0.15538807376083014 - 0.0j,0.02071840983477735 - 0.0j
3419.7711074785398,1.2434929197270612 - 0.0j,0.15543661496588265 - 0.0j,0.02072488199545102 - 0.0j
3532.247749609449,1.2438812493674813 - 0.0j,0.15548515617093517 - 0.0j,0.02073135415612469 - 0.0j
3648.423760682735,1.2442695790079015 - 0.0j,0.15553369737598768 - 0.0j,0.02073782631679836 - 0.0j
3768.4208133436073,1.2446579086483218 - 0.0j,0.15558223858104023 - 0.0j,0.02074429847747203 - 0.0j
3892.3645820637457,1.245046238288742 - 0.0j,0.15563077978609274 - 0.0j,0.0207507706381457 - 0.0j
4020.3848747618167,1.245434567929162 - 0.0j,0.15567932099114526 - 0.0j,0.02075724279881937 - 0.0j
4152.615768752999,1.2458228975695822 - 0.0j,0.15572786219619777 - 0.0j,0.02076371495949304 - 0.0j
4289.195751169892,1.2462112272100023 - 0.0j,0.1557764034012503 - 0.0j,0.02077018712016671 - 0.0j
4430.267864001875,1.246599556850423 - 0.0j,0.15582494460630286 - 0.0j,0.02077665928084038 - 0.0j
4575.979853904848,1.246987886490843 - 0.0j,0.15587348581135538 - 0.0j,0.02078313144151405 - 0.0j
4726.484326938253,1.2473762161312631 - 0.0j,0.1559220270164079 - 0.0j,0.02078960360218772 - 0.0j
4881.93890839133,1.2477645457716833 - 0.0j,0.1559705682214604 - 0.0j,0.02079607576286139 - 0.0j
5042.506407866158,1.2481528754121036 - 0.0j,0.15601910942651295 - 0.0j,0.02080254792353506 - 0.0j
5208.354989790273,1.2485412050525238 - 0.0j,0.15606765063156547 - 0.0j,0.02080902008420873 - 0.0j
5379.65834953745,1.2489295346929439 - 0.0j,0.15611619183661798 - 0.0j,0.0208154922448824 - 0.0j
5556.595895341105,1.249317864333364 - 0.0j,0.1561647330416705 - 0.0j,0.02082196440555607 - 0.0j
5739.352936190887,1.2497061939737841 - 0.0j,0.15621327424672302 - 0.0j,0.02082843656622974 - 0.0j
5928.120875909196,1.2500945236142045 - 0.0j,0.15626181545177556 - 0.0j,0.020834908726903408 - 0.0j
6123.097413610883,1.2504828532546246 - 0.0j,0.15631035665682808 - 0.0j,0.020841380887577077 - 0.0j
6324.486750756089,1.2508711828950447 - 0.0j,0.1563588978618806 - 0.0j,0.020847853048250747 - 0.0j
6532.4998050130935,1.2512595125354649 - 0.0j,0.1564074390669331 - 0.0j,0.020854325208924416 - 0.0j
6747.354431155145,1.251647842175885 - 0.0j,0.15645598027198562 - 0.0j,0.020860797369598085 - 0.0j
6969.275649222582,1.2520361718163053 - 0.0j,0.15650452147703817 - 0.0j,0.020867269530271754 - 0.0j
7198.495880189228,1.2524245014567257 - 0.0j,0.1565530626820907 - 0.0j,0.02087374169094543 - 0.0j
7435.255189379901,1.2528128310971458 - 0.0j,0.15660160388714323 - 0.0j,0.0208802138516191 - 0.0j
7679.801537894,1.253201160737566 - 0.0j,0.15665014509219574 - 0.0j,0.02088668601229277 - 0.0j
7932.391042298297,1.2535894903779863 - 0.0j,0.15669868629724829 - 0.0j,0.020893158172966438 - 0.0j
8193.28824286119,1.2539778200184064 - 0.0j,0.1567472275023008 - 0.0j,0.020899630333640107 - 0.0j
8462.766380609175,1.2543661496588265 - 0.0j,0.15679576870735332 - 0.0j,0.020906102494313777 - 0.0j
8741.107683495708,1.2547544792992467 - 0.0j,0.15684430991240583 - 0.0j,0.020912574654987446 - 0.0j
9028.603661982183,1.2551428089396668 - 0.0j,0.15689285111745835 - 0.0j,0.020919046815661115 - 0.0j
9325.555414340633,1.2555311385800871 - 0.0j,0.1569413923225109 - 0.0j,0.020925518976334784 - 0.0j
9632.273941997933,1.2559194682205073 - 0.0j,0.1569899335275634 - 0.0j,0.020931991137008454 - 0.0j
9949.080475251509,1.2563077978609274 - 0.0j,0.15703847473261592 - 0.0j,0.020938463297682123 - 0.0j
10276.306809698086,1.2566961275013475 - 0.0j,0.15708701593766844 - 0.0j,0.020944935458355792 - 0.0j
10614.295653727482,1.2570844571417676 - 0.0j,0.15713555714272096 - 0.0j,0.020951407619029465 - 0.0j
10963.400987445639,1.257472786782188 - 0.0j,0.1571840983477735 - 0.0j,0.020957879779703134 - 0.0j
11323.988433402461,1.2578611164226083 - 0.0j,0.15723263955282604 - 0.0j,0.020964351940376807 - 0.0j
11696.43563951314,1.2582494460630285 - 0.0j,0.15728118075787856 - 0.0j,0.020970824101050476 - 0.0j
12081.132674573679,1.2586377757034486 - 0.0j,0.15732972196293107 - 0.0j,0.020977296261724145 - 0.0j
12478.482436785103,1.259026105343869 - 0.0j,0.15737826316798362 - 0.0j,0.020983768422397815 - 0.0j
12888.90107571384,1.259414434984289 - 0.0j,0.15742680437303613 - 0.0j,0.020990240583071484 - 0.0j
13312.81842813065,1.2598027646247092 - 0.0j,0.15747534557808865 - 0.0j,0.020996712743745153 - 0.0j
13750.678468184213,1.2601910942651293 - 0.0j,0.15752388678314116 - 0.0j,0.021003184904418822 - 0.0j
14202.939772381138,1.2605794239055494 - 0.0j,0.15757242798819368 - 0.0j,0.021009657065092495 - 0.0j
14670.075999858913,1.2609677535459698 - 0.0j,0.15762096919324622 - 0.0j,0.021016129225766164 - 0.0j
15152.576388455367,1.26135608318639 - 0.0j,0.15766951039829874 - 0.0j,0.021022601386439833 - 0.0j
15650.94626709389,1.26174441282681 - 0.0j,0.15771805160335126 - 0.0j,0.021029073547113503 - 0.0j
16165.707585020813,1.2621327424672302 - 0.0j,0.15776659280840377 - 0.0j,0.021035545707787172 - 0.0j
16697.399458449738,1.2625210721076503 - 0.0j,0.1578151340134563 - 0.0j,0.02104201786846084 - 0.0j
17246.578735184885,1.2629094017480706 - 0.0j,0.15786367521850883 - 0.0j,0.02104849002913451 - 0.0j
17813.82057781519,1.263297731388491 - 0.0j,0.15791221642356137 - 0.0j,0.021054962189808183 - 0.0j
18399.719066089314,1.2636860610289111 - 0.0j,0.1579607576286139 - 0.0j,0.021061434350481852 - 0.0j
19004.887819103245,1.2640743906693312 - 0.0j,0.1580092988336664 - 0.0j,0.021067906511155525 - 0.0j
19629.96063795146,1.2644627203097516 - 0.0j,0.15805784003871895 - 0.0j,0.021074378671829194 - 0.0j
20275.592169515192,1.2648510499501717 - 0.0j,0.15810638124377147 - 0.0j,0.021080850832502863 - 0.0j
20942.458592082396,1.2652393795905919 - 0.0j,0.15815492244882398 - 0.0j,0.021087322993176533 - 0.0j
21631.25832351819,1.265627709231012 - 0.0j,0.1582034636538765 - 0.0j,0.021093795153850202 - 0.0j
22342.712752726882,1.266016038871432 - 0.0j,0.158252004858929 - 0.0j,0.02110026731452387 - 0.0j
23077.566995172117,1.2664043685118525 - 0.0j,0.15830054606398156 - 0.0j,0.02110673947519754 - 0.0j
23836.5906732457,1.2667926981522726 - 0.0j,0.15834908726903407 - 0.0j,0.02111321163587121 - 0.0j
24620.57872230327,1.2671810277926927 - 0.0j,0.1583976284740866 - 0.0j,0.02111968379654488 - 0.0j
25430.352223210553,1.2675693574331128 - 0.0j,0.1584461696791391 - 0.0j,0.021126155957218548 - 0.0j
26266.75926227174,1.267957687073533 - 0.0j,0.15849471088419162 - 0.0j,0.021132628117892217 - 0.0j
27130.67581944147,1.2683460167139533 - 0.0j,0.15854325208924416 - 0.0j,0.021139100278565887 - 0.0j
28023.006685749915,1.2687343463543737 - 0.0j,0.1585917932942967 - 0.0j,0.021145572439239563 - 0.0j
28944.686410902414,1.2691226759947938 - 0.0j,0.15864033449934922 - 0.0j,0.021152044599913232 - 0.0j
29896.680282045145,1.269511005635214 - 0.0j,0.15868887570440174 - 0.0j,0.0211585167605869 - 0.0j
30879.98533472315,1.2698993352756343 - 0.0j,0.15873741690945428 - 0.0j,0.02116498892126057 - 0.0j
31895.63139708847,1.2702876649160544 - 0.0j,0.1587859581145068 - 0.0j,0.02117146108193424 - 0.0j
32944.682168452804,1.2706759945564745 - 0.0j,0.1588344993195593 - 0.0j,0.02117793324260791 - 0.0j
34028.23633331323,1.2710643241968946 - 0.0j,0.15888304052461183 - 0.0j,0.021184405403281578 - 0.0j
35147.428712019006,1.2714526538373148 - 0.0j,0.15893158172966435 - 0.0j,0.021190877563955247 - 0.0j
36303.43144928352,1.271840983477735 - 0.0j,0.1589801229347169 - 0.0j,0.021197349724628917 - 0.0j
37497.45524178695,1.2722293131181552 - 0.0j,0.1590286641397694 - 0.0j,0.02120382188530259 - 0.0j
38730.750606154215,1.2726176427585754 - 0.0j,0.15907720534482192 - 0.0j,0.02121029404597626 - 0.0j
40004.609188637456,1.2730059723989955 - 0.0j,0.15912574654987444 - 0.0j,0.021216766206649928 - 0.0j
41320.3651178742,1.2733943020394156 - 0.0j,0.15917428775492695 - 0.0j,0.021223238367323597 - 0.0j
42679.39640213712,1.2737826316798362 - 0.0j,0.15922282895997952 - 0.0j,0.02122971052799727 - 0.0j
44083.12637254031,1.2741709613202563 - 0.0j,0.15927137016503204 - 0.0j,0.02123618268867094 - 0.0j
45533.02517371229,1.2745592909606764 - 0.0j,0.15931991137008455 - 0.0j,0.021242654849344608 - 0.0j
47030.61130349791,1.2749476206010966 - 0.0j,0.15936845257513707 - 0.0j,0.021249127010018277 - 0.0j
48577.45320330035,1.275335950241517 - 0.0j,0.15941699378018961 - 0.0j,0.021255599170691947 - 0.0j
50175.1709007305,1.275724279881937 - 0.0j,0.15946553498524213 - 0.0j,0.02126207133136562 - 0.0j
51825.437706282755,1.2761126095223572 - 0.0j,0.15951407619029465 - 0.0j,0.02126854349203929 - 0.0j
53529.981965815205,1.2765009391627773 - 0.0j,0.15956261739534716 - 0.0j,0.021275015652712958 - 0.0j
55290.58887066812,1.2768892688031974 - 0.0j,0.15961115860039968 - 0.0j,0.021281487813386627 - 0.0j
57109.102327318404,1.2772775984436178 - 0.0j,0.15965969980545222 - 0.0j,0.021287959974060296 - 0.0j
58987.426888526585,1.277665928084038 - 0.0j,0.15970824101050474 - 0.0j,0.021294432134733966 - 0.0j
60927.529748000146,1.278054257724458 - 0.0j,0.15975678221555725 - 0.0j,0.021300904295407635 - 0.0j
62931.44280066031,1.2784425873648781 - 0.0j,0.15980532342060977 - 0.0j,0.021307376456081304 - 0.0j
65001.26477067234,1.2788309170052983 - 0.0j,0.15985386462566228 - 0.0j,0.021313848616754973 - 0.0j
67139.16340946697,1.2792192466457186 - 0.0j,0.15990240583071483 - 0.0j,0.021320320777428643 - 0.0j
69347.37776605396,1.279607576286139 - 0.0j,0.15995094703576737 - 0.0j,0.02132679293810232 - 0.0j
71628.22053200759,1.279995905926559 - 0.0j,0.1599994882408199 - 0.0j,0.021333265098775988 - 0.0j
73984.0804635784,1.2803842355669792 - 0.0j,0.1600480294458724 - 0.0j,0.021339737259449657 - 0.0j
76417.42488346915,1.2807725652073996 - 0.0j,0.16009657065092495 - 0.0j,0.021346209420123326 - 0.0j
78930.80226489317,1.2811608948478197 - 0.0j,0.16014511185597746 - 0.0j,0.021352681580796996 - 0.0j
81526.84490062385,1.2815492244882398 - 0.0j,0.16019365306102998 - 0.0j,0.021359153741470665 - 0.0j
84208.27165982891,1.28193755412866 - 0.0j,0.1602421942660825 - 0.0j,0.021365625902144334 - 0.0j
86977.890835578,1.28232588376908 - 0.0j,0.160290735471135 - 0.0j,0.021372098062818003 - 0.0j
89838.60308600347,1.2827142134095004 - 0.0j,0.16033927667618755 - 0.0j,0.021378570223491673 - 0.0j
92793.40447219778,1.2831025430499206 - 0.0j,0.16038781788124007 - 0.0j,0.021385042384165342 - 0.0j
95845.38959602786,1.2834908726903407 - 0.0j,0.16043635908629258 - 0.0j,0.02139151454483901 - 0.0j
98997.75484115063,1.2838792023307608 - 0.0j,0.1604849002913451 - 0.0j,0.02139798670551268 - 0.0j
102253.80172062787,1.284267531971181 - 0.0j,0.16053344149639762 - 0.0j,0.021404458866186353 - 0.0j
105616.94033464337,1.2846558616116013 - 0.0j,0.16058198270145016 - 0.0j,0.021410931026860022 - 0.0j
109090.69294194596,1.2850441912520214 - 0.0j,0.16063052390650268 - 0.0j,0.02141740318753369 - 0.0j
112678.69764875558,1.2854325208924418 - 0.0j,0.16067906511155522 - 0.0j,0.021423875348207364 - 0.0j
116384.71221900001,1.2858208505328619 - 0.0j,0.16072760631660774 - 0.0j,0.021430347508881033 - 0.0j
120212.61800986939,1.2862091801732822 - 0.0j,0.16077614752166028 - 0.0j,0.021436819669554703 - 0.0j
124166.42403681298,1.2865975098137024 - 0.0j,0.1608246887267128 - 0.0j,0.021443291830228372 - 0.0j
128250.27117223166,1.2869858394541225 - 0.0j,0.1608732299317653 - 0.0j,0.02144976399090204 - 0.0j
132468.4364822683,1.2873741690945426 - 0.0j,0.16092177113681783 - 0.0j,0.02145623615157571 - 0.0j
136825.33770623428,1.2877624987349627 - 0.0j,0.16097031234187034 - 0.0j,0.021462708312249383 - 0.0j
141325.53788336614,1.288150828375383 - 0.0j,0.16101885354692289 - 0.0j,0.021469180472923052 - 0.0j
145973.75013175444,1.2885391580158032 - 0.0j,0.1610673947519754 - 0.0j,0.02147565263359672 - 0.0j
150774.8425844541,1.2889274876562233 - 0.0j,0.16111593595702792 - 0.0j,0.02148212479427039 - 0.0j
155733.84348794445,1.2893158172966435 - 0.0j,0.16116447716208043 - 0.0j,0.02148859695494406 - 0.0j
160855.9464682753,1.2897041469370636 - 0.0j,0.16121301836713295 - 0.0j,0.02149506911561773 - 0.0j
166146.51597041998,1.290092476577484 - 0.0j,0.1612615595721855 - 0.0j,0.0215015412762914 - 0.0j
171611.09287652772,1.2904808062179043 - 0.0j,0.16131010077723804 - 0.0j,0.02150801343696507 - 0.0j
177255.40030896282,1.2908691358583244 - 0.0j,0.16135864198229055 - 0.0j,0.02151448559763874 - 0.0j
183085.34962420308,1.2912574654987445 - 0.0j,0.16140718318734307 - 0.0j,0.021520957758312413 - 0.0j
189107.04660388135,1.2916457951391649 - 0.0j,0.1614557243923956 - 0.0j,0.021527429918986082 - 0.0j
195326.7978494494,1.292034124779585 - 0.0j,0.16150426559744813 - 0.0j,0.02153390207965975 - 0.0j
201751.11738716497,1.2924224544200051 - 0.0j,0.16155280680250064 - 0.0j,0.02154037424033342 - 0.0j
208386.73349031387,1.2928107840604253 - 0.0j,0.16160134800755316 - 0.0j,0.02154684640100709 - 0.0j
215240.59572581935,1.2931991137008454 - 0.0j,0.16164988921260567 - 0.0j,0.02155331856168076 - 0.0j
222319.8822326131,1.2935874433412657 - 0.0j,0.16169843041765822 - 0.0j,0.02155979072235443 - 0.0j
229632.00723939505,1.2939757729816859 - 0.0j,0.16174697162271073 - 0.0j,0.021566262883028098 - 0.0j
237184.62882964886,1.294364102622106 - 0.0j,0.16179551282776325 - 0.0j,0.021572735043701767 - 0.0j
244985.65696205333,1.2947524322625261 - 0.0j,0.16184405403281577 - 0.0j,0.021579207204375436 - 0.0j
253043.26175468648,1.2951407619029462 - 0.0j,0.16189259523786828 - 0.0j,0.021585679365049106 - 0.0j
261365.88204169332,1.2955290915433666 - 0.0j,0.16194113644292082 - 0.0j,0.021592151525722775 - 0.0j
269962.23421138845,1.2959174211837867 - 0.0j,0.16198967764797334 - 0.0j,0.021598623686396447 - 0.0j
278841.32133504166,1.296305750824207 - 0.0j,0.16203821885302588 - 0.0j,0.02160509584707012 - 0.0j
288012.4425959137,1.2966940804646272 - 0.0j,0.1620867600580784 - 0.0j,0.02161156800774379 - 0.0j
297485.2030284082,1.2970824101050475 - 0.0j,0.16213530126313094 - 0.0j,0.02161804016841746 - 0.0j
307269.52357755136,1.2974707397454677 - 0.0j,0.16218384246818346 - 0.0j,0.021624512329091128 - 0.0j
317375.65148932504,1.2978590693858878 - 0.0j,0.16223238367323597 - 0.0j,0.021630984489764797 - 0.0j
327814.17104274343,1.298247399026308 - 0.0j,0.1622809248782885 - 0.0j,0.021637456650438466 - 0.0j
338596.014634902,1.298635728666728 - 0.0j,0.162329466083341 - 0.0j,0.021643928811112136 - 0.0j
349732.47423062136,1.2990240583071484 - 0.0j,0.16237800728839355 - 0.0j,0.021650400971785805 - 0.0j
361235.21318866743,1.2994123879475685 - 0.0j,0.16242654849344607 - 0.0j,0.021656873132459478 - 0.0j
373116.27847694146,1.2998007175879887 - 0.0j,0.16247508969849858 - 0.0j,0.021663345293133147 - 0.0j
385388.1132894216,1.3001890472284088 - 0.0j,0.1625236309035511 - 0.0j,0.021669817453806816 - 0.0j
398063.57007808366,1.300577376868829 - 0.0j,0.1625721721086036 - 0.0j,0.021676289614480485 - 0.0j
411155.92401344335,1.3009657065092493 - 0.0j,0.16262071331365616 - 0.0j,0.021682761775154154 - 0.0j
424678.88688781025,1.3013540361496696 - 0.0j,0.1626692545187087 - 0.0j,0.021689233935827827 - 0.0j
438646.6214758288,1.3017423657900897 - 0.0j,0.16271779572376122 - 0.0j,0.021695706096501496 - 0.0j
453073.7563673348,1.3021306954305099 - 0.0j,0.16276633692881373 - 0.0j,0.021702178257175166 - 0.0j
467975.4012880707,1.3025190250709302 - 0.0j,0.16281487813386628 - 0.0j,0.021708650417848835 - 0.0j
483367.16292429273,1.3029073547113503 - 0.0j,0.1628634193389188 - 0.0j,0.021715122578522508 - 0.0j
499265.16126785916,1.3032956843517705 - 0.0j,0.1629119605439713 - 0.0j,0.021721594739196177 - 0.0j
515686.04649890563,1.3036840139921906 - 0.0j,0.16296050174902382 - 0.0j,0.021728066899869846 - 0.0j
532647.016423799,1.3040723436326107 - 0.0j,0.16300904295407634 - 0.0j,0.021734539060543515 - 0.0j
550165.834486617,1.304460673273031 - 0.0j,0.16305758415912888 - 0.0j,0.021741011221217185 - 0.0j
568260.8483730381,1.3048490029134512 - 0.0j,0.1631061253641814 - 0.0j,0.021747483381890854 - 0.0j
586951.0092261093,1.3052373325538713 - 0.0j,0.1631546665692339 - 0.0j,0.021753955542564523 - 0.0j
606255.8914940279,1.3056256621942914 - 0.0j,0.16320320777428643 - 0.0j,0.021760427703238192 - 0.0j
626195.7134307098,1.3060139918347116 - 0.0j,0.16325174897933895 - 0.0j,0.02176689986391186 - 0.0j
646791.3582706313,1.306402321475132 - 0.0j,0.1633002901843915 - 0.0j,0.02177337202458553 - 0.0j
668064.3961001169,1.306790651115552 - 0.0j,0.163348831389444 - 0.0j,0.0217798441852592 - 0.0j
690037.1064479625,1.3071789807559724 - 0.0j,0.16339737259449655 - 0.0j,0.021786316345932876 - 0.0j
712732.5016190807,1.3075673103963925 - 0.0j,0.16344591379954906 - 0.0j,0.021792788506606545 - 0.0j
736174.3507955836,1.3079556400368129 - 0.0j,0.1634944550046016 - 0.0j,0.021799260667280215 - 0.0j
760387.2049305622,1.308343969677233 - 0.0j,0.16354299620965412 - 0.0j,0.021805732827953884 - 0.0j
785396.422460609,1.3087322993176531 - 0.0j,0.16359153741470664 - 0.0j,0.021812204988627553 - 0.0j
811228.1958640444,1.3091206289580732 - 0.0j,0.16364007861975916 - 0.0j,0.021818677149301222 - 0.0j
837909.579092636,1.3095089585984934 - 0.0j,0.16368861982481167 - 0.0j,0.02182514930997489 - 0.0j
865468.5159055606,1.3098972882389137 - 0.0j,0.16373716102986421 - 0.0j,0.02183162147064856 - 0.0j
893933.8691352556,1.3102856178793338 - 0.0j,0.16378570223491673 - 0.0j,0.02183809363132223 - 0.0j
923335.4509158455,1.310673947519754 - 0.0j,0.16383424343996925 - 0.0j,0.0218445657919959 - 0.0j
953704.0539057727,1.311062277160174 - 0.0j,0.16388278464502176 - 0.0j,0.02185103795266957 - 0.0j
985071.4835373576,1.3114506068005942 - 0.0j,0.16393132585007428 - 0.0j,0.02185751011334324 - 0.0j
1017470.5913270283,1.3118389364410146 - 0.0j,0.16397986705512682 - 0.0j,0.02186398227401691 - 0.0j
1050935.3092811485,1.312227266081435 - 0.0j,0.16402840826017936 - 0.0j,0.021870454434690583 - 0.0j
1085500.685433444,1.312615595721855 - 0.0j,0.16407694946523188 - 0.0j,0.021876926595364252 - 0.0j
1121202.9205512733,1.3130039253622752 - 0.0j,0.1641254906702844 - 0.0j,0.02188339875603792 - 0.0j
1158079.406049147,1.3133922550026955 - 0.0j,0.16417403187533694 - 0.0j,0.02188987091671159 - 0.0j
1196168.7631492515,1.3137805846431156 - 0.0j,0.16422257308038946 - 0.0j,0.02189634307738526 - 0.0j
1235510.8833299514,1.3141689142835358 - 0.0j,0.16427111428544197 - 0.0j,0.02190281523805893 - 0.0j
1276146.9701046634,1.314557243923956 - 0.0j,0.1643196554904945 - 0.0j,0.0219092873987326 - 0.0j
1318119.5821748155,1.314945573564376 - 0.0j,0.164368196695547 - 0.0j,0.02191575955940627 - 0.0j
1361472.6780021377,1.3153339032047964 - 0.0j,0.16441673790059955 - 0.0j,0.02192223172007994 - 0.0j
1406251.661846925,1.3157222328452165 - 0.0j,0.16446527910565206 - 0.0j,0.02192870388075361 - 0.0j
1452503.43132052,1.3161105624856366 - 0.0j,0.16451382031070458 - 0.0j,0.02193517604142728 - 0.0j
1500276.426501773,1.3164988921260568 - 0.0j,0.1645623615157571 - 0.0j,0.021941648202100948 - 0.0j
1549620.6806689748,1.3168872217664769 - 0.0j,0.1646109027208096 - 0.0j,0.021948120362774617 - 0.0j
1600587.872700367,1.3172755514068972 - 0.0j,0.16465944392586215 - 0.0j,0.021954592523448287 - 0.0j
1653231.3811980851,1.3176638810473174 - 0.0j,0.16470798513091467 - 0.0j,0.021961064684121956 - 0.0j
1707606.340392274,1.3180522106877377 - 0.0j,0.1647565263359672 - 0.0j,0.02196753684479563 - 0.0j
1763769.6978838756,1.3184405403281578 - 0.0j,0.16480506754101973 - 0.0j,0.0219740090054693 - 0.0j
1821780.2742866057,1.3188288699685782 - 0.0j,0.16485360874607227 - 0.0j,0.02198048116614297 - 0.0j
1881698.8248305258,1.3192171996089983 - 0.0j,0.1649021499511248 - 0.0j,0.02198695332681664 - 0.0j
1943588.1029917982,1.3196055292494184 - 0.0j,0.1649506911561773 - 0.0j,0.02199342548749031 - 0.0j
2007512.9262152093,1.3199938588898386 - 0.0j,0.16499923236122982 - 0.0j,0.021999897648163978 - 0.0j
2073540.243798337,1.3203821885302587 - 0.0j,0.16504777356628234 - 0.0j,0.022006369808837647 - 0.0j
2141739.207008396,1.320770518170679 - 0.0j,0.16509631477133488 - 0.0j,0.022012841969511317 - 0.0j
2212181.241505273,1.3211588478110992 - 0.0j,0.1651448559763874 - 0.0j,0.022019314130184986 - 0.0j
2284940.122146542,1.3215471774515193 - 0.0j,0.1651933971814399 - 0.0j,0.022025786290858655 - 0.0j
2360092.0502528455,1.3219355070919394 - 0.0j,0.16524193838649243 - 0.0j,0.022032258451532324 - 0.0j
2437715.733414502,1.3223238367323595 - 0.0j,0.16529047959154494 - 0.0j,0.022038730612205994 - 0.0j
2517892.4679230005,1.3227121663727799 - 0.0j,0.16533902079659749 - 0.0j,0.022045202772879663 - 0.0j
2600706.223913678,1.3231004960132 - 0.0j,0.16538756200165 - 0.0j,0.022051674933553336 - 0.0j
2686243.7333087013,1.3234888256536204 - 0.0j,0.16543610320670254 - 0.0j,0.02205814709422701 - 0.0j
2774594.5806525587,1.3238771552940405 - 0.0j,0.16548464441175506 - 0.0j,0.022064619254900678 - 0.0j
2865851.296935102,1.3242654849344608 - 0.0j,0.1655331856168076 - 0.0j,0.022071091415574347 - 0.0j
2960109.45650048,1.324653814574881 - 0.0j,0.16558172682186012 - 0.0j,0.022077563576248016 - 0.0j
3057467.7771433545,1.325042144215301 - 0.0j,0.16563026802691264 - 0.0j,0.022084035736921685 - 0.0j
3158028.2234973535,1.3254304738557212 - 0.0j,0.16567880923196515 - 0.0j,0.022090507897595354 - 0.0j
3261896.11382394,1.3258188034961413 - 0.0j,0.16572735043701767 - 0.0j,0.022096980058269024 - 0.0j
3369180.230313626,1.3262071331365617 - 0.0j,0.1657758916420702 - 0.0j,0.022103452218942693 - 0.0j
3479992.933014931,1.3265954627769818 - 0.0j,0.16582443284712273 - 0.0j,0.022109924379616366 - 0.0j
3594450.2775105475,1.326983792417402 - 0.0j,0.16587297405217524 - 0.0j,0.022116396540290035 - 0.0j
3712672.136463844,1.327372122057822 - 0.0j,0.16592151525722776 - 0.0j,0.022122868700963704 - 0.0j
3834782.3251630967,1.3277604516982422 - 0.0j,0.16597005646228027 - 0.0j,0.022129340861637373 - 0.0j
3960908.731194798,1.3281487813386625 - 0.0j,0.16601859766733282 - 0.0j,0.022135813022311043 - 0.0j
4091183.448382013,1.3285371109790827 - 0.0j,0.16606713887238533 - 0.0j,0.022142285182984712 - 0.0j
4225742.91512798,1.328925440619503 - 0.0j,0.16611568007743788 - 0.0j,0.022148757343658385 - 0.0j
4364728.057309772,1.3293137702599231 - 0.0j,0.1661642212824904 - 0.0j,0.022155229504332054 - 0.0j
4508284.435871832,1.3297020999003435 - 0.0j,0.16621276248754294 - 0.0j,0.022161701665005723 - 0.0j
4656562.399273823,1.3300904295407636 - 0.0j,0.16626130369259545 - 0.0j,0.022168173825679396 - 0.0j
4809717.240952557,1.3304787591811837 - 0.0j,0.16630984489764797 - 0.0j,0.022174645986353065 - 0.0j
4967909.3619627785,1.3308670888216039 - 0.0j,0.16635838610270048 - 0.0j,0.022181118147026734 - 0.0j
5131304.438967301,1.331255418462024 - 0.0j,0.166406927307753 - 0.0j,0.022187590307700403 - 0.0j
5300073.597752316,1.3316437481024443 - 0.0j,0.16645546851280554 - 0.0j,0.022194062468374073 - 0.0j
5474393.592449688,1.3320320777428645 - 0.0j,0.16650400971785806 - 0.0j,0.022200534629047742 - 0.0j
5654446.990653793,1.3324204073832846 - 0.0j,0.16655255092291057 - 0.0j,0.02220700678972141 - 0.0j
5840422.364626957,1.3328087370237047 - 0.0j,0.1666010921279631 - 0.0j,0.02221347895039508 - 0.0j
6032514.488793676,1.3331970666641249 - 0.0j,0.1666496333330156 - 0.0j,0.02221995111106875 - 0.0j
6230924.543730328,1.3335853963045452 - 0.0j,0.16669817453806815 - 0.0j,0.02222642327174242 - 0.0j
6435860.326864251,1.3339737259449655 - 0.0j,0.1667467157431207 - 0.0j,0.022232895432416095 - 0.0j
6647536.47010266,1.3343620555853855 - 0.0j,0.16679525694817318 - 0.0j,0.022239367593089757 - 0.0j
6866174.6646194905,1.3347503852258058 - 0.0j,0.16684379815322573 - 0.0j,0.022245839753763434 - 0.0j
7092003.893035355,1.3351387148662262 - 0.0j,0.16689233935827827 - 0.0j,0.022252311914437103 - 0.0j
7325260.669234077,1.3355270445066463 - 0.0j,0.16694088056333078 - 0.0j,0.022258784075110772 - 0.0j
7566189.28606672,1.3359153741470664 - 0.0j,0.1669894217683833 - 0.0j,0.02226525623578444 - 0.0j
7815042.071202724,1.3363037037874865 - 0.0j,0.16703796297343582 - 0.0j,0.02227172839645811 - 0.0j
8072079.651395864,1.3366920334279067 - 0.0j,0.16708650417848833 - 0.0j,0.02227820055713178 - 0.0j
8337571.225442087,1.337080363068327 - 0.0j,0.16713504538354088 - 0.0j,0.02228467271780545 - 0.0j
8611794.846114885,1.3374686927087471 - 0.0j,0.1671835865885934 - 0.0j,0.022291144878479118 - 0.0j
8895037.711373633,1.3378570223491673 - 0.0j,0.1672321277936459 - 0.0j,0.022297617039152787 - 0.0j
9187596.465149647,1.3382453519895874 - 0.0j,0.16728066899869842 - 0.0j,0.022304089199826457 - 0.0j
9489777.508025276,1.3386336816300075 - 0.0j,0.16732921020375094 - 0.0j,0.02231056136050013 - 0.0j
9801897.318131264,1.3390220112704279 - 0.0j,0.16737775140880348 - 0.0j,0.0223170335211738 - 0.0j
10124282.782598294,1.339410340910848 - 0.0j,0.167426292613856 - 0.0j,0.022323505681847468 - 0.0j
10457271.53991021,1.3397986705512683 - 0.0j,0.16747483381890854 - 0.0j,0.02232997784252114 - 0.0j
10801212.33351713,1.3401870001916885 - 0.0j,0.16752337502396106 - 0.0j,0.02233645000319481 - 0.0j
11156465.37707909,1.3405753298321088 - 0.0j,0.1675719162290136 - 0.0j,0.02234292216386848 - 0.0j
11523402.731722355,1.340963659472529 - 0.0j,0.16762045743406612 - 0.0j,0.022349394324542148 - 0.0j
11902408.695703952,1.341351989112949 - 0.0j,0.16766899863911863 - 0.0j,0.022355866485215817 - 0.0j
12293880.206892183,1.3417403187533692 - 0.0j,0.16771753984417115 - 0.0j,0.022362338645889487 - 0.0j
12698227.258484904,1.3421286483937893 - 0.0j,0.16776608104922366 - 0.0j,0.02236881080656316 - 0.0j
13115873.328400584,1.3425169780342097 - 0.0j,0.1678146222542762 - 0.0j,0.02237528296723683 - 0.0j
13547255.822792325,1.3429053076746298 - 0.0j,0.16786316345932872 - 0.0j,0.022381755127910498 - 0.0j
13992826.534148948,1.34329363731505 - 0.0j,0.16791170466438124 - 0.0j,0.022388227288584167 - 0.0j
14453052.114463255,1.34368196695547 - 0.0j,0.16796024586943376 - 0.0j,0.022394699449257836 - 0.0j
14928414.563962549,1.3440702965958902 - 0.0j,0.16800878707448627 - 0.0j,0.022401171609931506 - 0.0j
15419411.735913817,1.3444586262363105 - 0.0j,0.16805732827953881 - 0.0j,0.022407643770605175 - 0.0j
15926557.858032007,1.3448469558767306 - 0.0j,0.16810586948459133 - 0.0j,0.022414115931278844 - 0.0j
16450384.071037225,1.3452352855171508 - 0.0j,0.16815441068964385 - 0.0j,0.022420588091952513 - 0.0j
16991438.984925415,1.3456236151575711 - 0.0j,0.1682029518946964 - 0.0j,0.02242706025262619 - 0.0j
17550289.253534675,1.3460119447979915 - 0.0j,0.16825149309974893 - 0.0j,0.02243353241329986 - 0.0j
18127520.168009326,1.3464002744384116 - 0.0j,0.16830003430480145 - 0.0j,0.022440004573973528 - 0.0j
18723736.269782707,1.3467886040788317 - 0.0j,0.16834857550985396 - 0.0j,0.022446476734647197 - 0.0j
19339561.983721416,1.3471769337192518 - 0.0j,0.16839711671490648 - 0.0j,0.022452948895320866 - 0.0j
19975642.27209351,1.347565263359672 - 0.0j,0.168445657919959 - 0.0j,0.022459421055994536 - 0.0j
20632643.310046013,1.3479535930000923 - 0.0j,0.16849419912501154 - 0.0j,0.022465893216668205 - 0.0j
21311253.183298584,1.3483419226405124 - 0.0j,0.16854274033006406 - 0.0j,0.022472365377341874 - 0.0j
22012182.608784758,1.3487302522809326 - 0.0j,0.16859128153511657 - 0.0j,0.022478837538015543 - 0.0j
22736165.678994954,1.3491185819213527 - 0.0j,0.1686398227401691 - 0.0j,0.022485309698689213 - 0.0j
23483960.63080124,1.3495069115617728 - 0.0j,0.1686883639452216 - 0.0j,0.022491781859362882 - 0.0j
24256350.639568415,1.3498952412021932 - 0.0j,0.16873690515027415 - 0.0j,0.02249825402003655 - 0.0j
25054144.63938383,1.3502835708426133 - 0.0j,0.16878544635532666 - 0.0j,0.022504726180710224 - 0.0j
25878178.170264754,1.3506719004830336 - 0.0j,0.1688339875603792 - 0.0j,0.022511198341383896 - 0.0j
26729314.253229957,1.3510602301234538 - 0.0j,0.16888252876543172 - 0.0j,0.022517670502057566 - 0.0j
27608444.29415306,1.3514485597638741 - 0.0j,0.16893106997048427 - 0.0j,0.022524142662731235 - 0.0j
28516489.01734335,1.3518368894042943 - 0.0j,0.16897961117553678 - 0.0j,0.022530614823404904 - 0.0j
29454399.429832544,1.3522252190447144 - 0.0j,0.1690281523805893 - 0.0j,0.022537086984078573 - 0.0j
30423157.817376476,1.3526135486851345 - 0.0j,0.1690766935856418 - 0.0j,0.022543559144752243 - 0.0j
31423778.773215935,1.3530018783255546 - 0.0j,0.16912523479069433 - 0.0j,0.022550031305425912 - 0.0j
32457310.26067322,1.353390207965975 - 0.0j,0.16917377599574687 - 0.0j,0.02255650346609958 - 0.0j
33524834.710698027,1.353778537606395 - 0.0j,0.1692223172007994 - 0.0j,0.022562975626773254 - 0.0j
34627470.15551101,1.3541668672468152 - 0.0j,0.1692708584058519 - 0.0j,0.022569447787446923 - 0.0j
35766371.399533734,1.3545551968872354 - 0.0j,0.16931939961090442 - 0.0j,0.022575919948120592 - 0.0j
36942731.22883019,1.3549435265276555 - 0.0j,0.16936794081595694 - 0.0j,0.02258239210879426 - 0.0j
38157781.660327435,1.3553318561680758 - 0.0j,0.16941648202100948 - 0.0j,0.02258886426946793 - 0.0j
39412795.23212249,1.3557201858084962 - 0.0j,0.16946502322606202 - 0.0j,0.022595336430141603 - 0.0j
40709086.33622818,1.356108515448916 - 0.0j,0.1695135644311145 - 0.0j,0.02260180859081527 - 0.0j
42048012.59515327,1.3564968450893364 - 0.0j,0.16956210563616705 - 0.0j,0.022608280751488942 - 0.0j
43430976.28375764,1.3568851747297568 - 0.0j,0.1696106468412196 - 0.0j,0.02261475291216261 - 0.0j
44859425.797873266,1.357273504370177 - 0.0j,0.1696591880462721 - 0.0j,0.022621225072836284 - 0.0j
46334857.17122782,1.357661834010597 - 0.0j,0.16970772925132463 - 0.0j,0.022627697233509953 - 0.0j
47858815.642260626,1.3580501636510172 - 0.0j,0.16975627045637715 - 0.0j,0.022634169394183622 - 0.0j
49432897.27247033,1.3584384932914373 - 0.0j,0.16980481166142966 - 0.0j,0.02264064155485729 - 0.0j
51058750.61799127,1.3588268229318576 - 0.0j,0.1698533528664822 - 0.0j,0.02264711371553096 - 0.0j
52738078.45614746,1.3592151525722778 - 0.0j,0.16990189407153472 - 0.0j,0.02265358587620463 - 0.0j
54472639.5687939,1.359603482212698 - 0.0j,0.16995043527658724 - 0.0j,0.0226600580368783 - 0.0j
56264250.58431093,1.359991811853118 - 0.0j,0.16999897648163975 - 0.0j,0.02266653019755197 - 0.0j
58114787.8801831,1.3603801414935381 - 0.0j,0.17004751768669227 - 0.0j,0.022673002358225638 - 0.0j
60026189.548154026,1.3607684711339585 - 0.0j,0.1700960588917448 - 0.0j,0.022679474518899307 - 0.0j
62000457.42401432,1.3611568007743786 - 0.0j,0.17014460009679733 - 0.0j,0.022685946679572976 - 0.0j
64039659.184150696,1.361545130414799 - 0.0j,0.17019314130184987 - 0.0j,0.022692418840246652 - 0.0j
66145930.511050045,1.3619334600552189 - 0.0j,0.17024168250690236 - 0.0j,0.022698891000920315 - 0.0j
68321477.33002798,1.3623217896956394 - 0.0j,0.17029022371195493 - 0.0j,0.02270536316159399 - 0.0j
70568578.11952229,1.3627101193360596 - 0.0j,0.17033876491700745 - 0.0j,0.02271183532226766 - 0.0j
72889586.29737346,1.3630984489764797 - 0.0j,0.17038730612205996 - 0.0j,0.02271830748294133 - 0.0j
75286932.68558955,1.3634867786168998 - 0.0j,0.17043584732711248 - 0.0j,0.022724779643615 - 0.0j
77763128.0561782,1.36387510825732 - 0.0j,0.170484388532165 - 0.0j,0.022731251804288668 - 0.0j
80320765.76070985,1.3642634378977403 - 0.0j,0.17053292973721754 - 0.0j,0.022737723964962337 - 0.0j
82962524.44636919,1.3646517675381604 - 0.0j,0.17058147094227005 - 0.0j,0.022744196125636006 - 0.0j
85691170.86133668,1.3650400971785805 - 0.0j,0.17063001214732257 - 0.0j,0.022750668286309676 - 0.0j
88509562.75244075,1.3654284268190007 - 0.0j,0.17067855335237508 - 0.0j,0.022757140446983345 - 0.0j
91420651.85811192,1.3658167564594208 - 0.0j,0.1707270945574276 - 0.0j,0.022763612607657017 - 0.0j
94427486.99977747,1.3662050860998411 - 0.0j,0.17077563576248014 - 0.0j,0.022770084768330687 - 0.0j
97533217.27493216,1.3665934157402613 - 0.0j,0.17082417696753266 - 0.0j,0.022776556929004356 - 0.0j
100741095.3552277,1.3669817453806814 - 0.0j,0.17087271817258518 - 0.0j,0.022783029089678025 - 0.0j
104054480.89303972,1.3673700750211017 - 0.0j,0.17092125937763772 - 0.0j,0.022789501250351698 - 0.0j
107476844.04007296,1.367758404661522 - 0.0j,0.17096980058269026 - 0.0j,0.022795973411025367 - 0.0j
111011769.0816988,1.3681467343019422 - 0.0j,0.17101834178774278 - 0.0j,0.022802445571699036 - 0.0j
114662958.1908228,1.3685350639423624 - 0.0j,0.1710668829927953 - 0.0j,0.022808917732372706 - 0.0j
118434235.30521695,1.3689233935827825 - 0.0j,0.1711154241978478 - 0.0j,0.022815389893046375 - 0.0j
122329550.13238215,1.3693117232232026 - 0.0j,0.17116396540290033 - 0.0j,0.022821862053720048 - 0.0j
126352982.28612688,1.369700052863623 - 0.0j,0.17121250660795287 - 0.0j,0.022828334214393717 - 0.0j
130508745.5591981,1.370088382504043 - 0.0j,0.17126104781300538 - 0.0j,0.022834806375067386 - 0.0j
134801192.33644468,1.3704767121444632 - 0.0j,0.1713095890180579 - 0.0j,0.022841278535741055 - 0.0j
139234818.15312245,1.3708650417848833 - 0.0j,0.17135813022311042 - 0.0j,0.022847750696414725 - 0.0j
143814266.40313044,1.3712533714253035 - 0.0j,0.17140667142816293 - 0.0j,0.022854222857088394 - 0.0j
148544333.20209593,1.3716417010657238 - 0.0j,0.17145521263321548 - 0.0j,0.022860695017762063 - 0.0j
153429972.4104069,1.372030030706144 - 0.0j,0.171503753838268 - 0.0j,0.022867167178435732 - 0.0j
158476300.8214578,1.372418360346564 - 0.0j,0.1715522950433205 - 0.0j,0.0228736393391094 - 0.0j
163688603.52053225,1.3728066899869844 - 0.0j,0.17160083624837305 - 0.0j,0.022880111499783078 - 0.0j
169072339.4199391,1.3731950196274048 - 0.0j,0.1716493774534256 - 0.0j,0.022886583660456747 - 0.0j
174633146.97620648,1.3735833492678249 - 0.0j,0.1716979186584781 - 0.0j,0.022893055821130416 - 0.0j
180376850.0953084,1.373971678908245 - 0.0j,0.17174645986353063 - 0.0j,0.022899527981804085 - 0.0j
186309464.232115,1.3743600085486651 - 0.0j,0.17179500106858314 - 0.0j,0.022906000142477755 - 0.0j
192437202.69046167,1.3747483381890853 - 0.0j,0.17184354227363566 - 0.0j,0.022912472303151424 - 0.0j
198766483.1304168,1.3751366678295056 - 0.0j,0.1718920834786882 - 0.0j,0.022918944463825093 - 0.0j
205303934.2895859,1.3755249974699257 - 0.0j,0.17194062468374072 - 0.0j,0.022925416624498762 - 0.0j
212056402.92547238,1.3759133271103459 - 0.0j,0.17198916588879323 - 0.0j,0.02293188878517243 - 0.0j
219030960.986173,1.376301656750766 - 0.0j,0.17203770709384575 - 0.0j,0.0229383609458461 - 0.0j
226234913.0169259,1.3766899863911861 - 0.0j,0.17208624829889826 - 0.0j,0.02294483310651977 - 0.0j
233675803.8102534,1.3770783160316065 - 0.0j,0.1721347895039508 - 0.0j,0.02295130526719344 - 0.0j
241361426.30771834,1.3774666456720266 - 0.0j,0.17218333070900332 - 0.0j,0.022957777427867112 - 0.0j
249299829.7615783,1.3778549753124467 - 0.0j,0.17223187191405584 - 0.0j,0.02296424958854078 - 0.0j
257499328.1648697,1.378243304952867 - 0.0j,0.17228041311910838 - 0.0j,0.022970721749214454 - 0.0j
265968508.9587572,1.378631634593287 - 0.0j,0.17232895432416087 - 0.0j,0.02297719390988812 - 0.0j
274716242.0262798,1.3790199642337075 - 0.0j,0.17237749552921344 - 0.0j,0.022983666070561792 - 0.0j
283751688.981886,1.3794082938741277 - 0.0j,0.17242603673426596 - 0.0j,0.02299013823123546 - 0.0j
293084312.76651925,1.3797966235145478 - 0.0j,0.17247457793931847 - 0.0j,0.02299661039190913 - 0.0j
302723887.55827546,1.380184953154968 - 0.0j,0.172523119144371 - 0.0j,0.0230030825525828 - 0.0j
312680509.00902337,1.3805732827953883 - 0.0j,0.17257166034942353 - 0.0j,0.02300955471325647 - 0.0j
322964604.8177186,1.3809616124358084 - 0.0j,0.17262020155447605 - 0.0j,0.023016026873930142 - 0.0j
333586945.65146536,1.3813499420762285 - 0.0j,0.17266874275952857 - 0.0j,0.02302249903460381 - 0.0j
344558656.42577106,1.3817382717166486 - 0.0j,0.17271728396458108 - 0.0j,0.02302897119527748 - 0.0j
355891227.9558249,1.3821266013570688 - 0.0j,0.1727658251696336 - 0.0j,0.02303544335595115 - 0.0j
367596528.9909665,1.3825149309974891 - 0.0j,0.17281436637468614 - 0.0j,0.02304191551662482 - 0.0j
379686818.6449911,1.3829032606379092 - 0.0j,0.17286290757973866 - 0.0j,0.023048387677298488 - 0.0j
392174759.2352747,1.3832915902783296 - 0.0j,0.1729114487847912 - 0.0j,0.02305485983797216 - 0.0j
405073429.5441783,1.3836799199187495 - 0.0j,0.1729599899898437 - 0.0j,0.023061331998645827 - 0.0j
418396338.5166365,1.38406824955917 - 0.0j,0.17300853119489626 - 0.0j,0.0230678041593195 - 0.0j
432157439.4082459,1.3844565791995902 - 0.0j,0.17305707239994877 - 0.0j,0.023074276319993172 - 0.0j
446371144.39868575,1.3848449088400103 - 0.0j,0.1731056136050013 - 0.0j,0.02308074848066684 - 0.0j
461052339.6857913,1.3852332384804305 - 0.0j,0.1731541548100538 - 0.0j,0.02308722064134051 - 0.0j
476216401.0760572,1.3856215681208506 - 0.0j,0.17320269601510632 - 0.0j,0.02309369280201418 - 0.0j
491879210.08791316,1.386009897761271 - 0.0j,0.17325123722015887 - 0.0j,0.02310016496268785 - 0.0j
508057170.5846582,1.386398227401691 - 0.0j,0.17329977842521138 - 0.0j,0.023106637123361518 - 0.0j
524767225.9544238,1.3867865570421112 - 0.0j,0.1733483196302639 - 0.0j,0.023113109284035187 - 0.0j
542026876.8552185,1.3871748866825313 - 0.0j,0.1733968608353164 - 0.0j,0.023119581444708857 - 0.0j
559854199.5435886,1.3875632163229514 - 0.0j,0.17344540204036893 - 0.0j,0.023126053605382526 - 0.0j
578267864.8061091,1.3879515459633718 - 0.0j,0.17349394324542147 - 0.0j,0.023132525766056195 - 0.0j
597287157.5135546,1.388339875603792 - 0.0j,0.173542484450474 - 0.0j,0.023138997926729864 - 0.0j
616931996.8181888,1.388728205244212 - 0.0j,0.1735910256555265 - 0.0j,0.023145470087403534 - 0.0j
637222957.0153427,1.3891165348846324 - 0.0j,0.17363956686057905 - 0.0j,0.02315194224807721 - 0.0j
658181289.0911576,1.3895048645250523 - 0.0j,0.17368810806563154 - 0.0j,0.023158414408750876 - 0.0j
679828942.9790101,1.3898931941654729 - 0.0j,0.1737366492706841 - 0.0j,0.02316488656942455 - 0.0j
702188590.5479554,1.390281523805893 - 0.0j,0.17378519047573662 - 0.0j,0.023171358730098218 - 0.0j
725283649.3472885,1.390669853446313 - 0.0j,0.17383373168078914 - 0.0j,0.023177830890771887 - 0.0j
749138307.1320257,1.3910581830867332 - 0.0j,0.17388227288584165 - 0.0j,0.023184303051445556 - 0.0j
773777547.1950743,1.3914465127271536 - 0.0j,0.1739308140908942 - 0.0j,0.023190775212119225 - 0.0j
799227174.5325518,1.3918348423675737 - 0.0j,0.1739793552959467 - 0.0j,0.023197247372792894 - 0.0j
825513842.869683,1.3922231720079938 - 0.0j,0.17402789650099923 - 0.0j,0.023203719533466564 - 0.0j
852665082.5756125,1.392611501648414 - 0.0j,0.17407643770605175 - 0.0j,0.023210191694140233 - 0.0j
880709329.4963081,1.392999831288834 - 0.0j,0.17412497891110426 - 0.0j,0.023216663854813906 - 0.0j
909675954.7357804,1.3933881609292544 - 0.0j,0.1741735201161568 - 0.0j,0.023223136015487575 - 0.0j
939595295.4168433,1.3937764905696746 - 0.0j,0.17422206132120932 - 0.0j,0.023229608176161244 - 0.0j
970498686.4535662,1.3941648202100947 - 0.0j,0.17427060252626184 - 0.0j,0.023236080336834913 - 0.0j
1002418493.3687243,1.3945531498505148 - 0.0j,0.17431914373131435 - 0.0j,0.023242552497508583 - 0.0j
1035388146.1906589,1.3949414794909354 - 0.0j,0.17436768493636692 - 0.0j,0.023249024658182255 - 0.0j
1069442174.4649472,1.3953298091313555 - 0.0j,0.17441622614141944 - 0.0j,0.023255496818855925 - 0.0j
1104616243.4176736,1.3957181387717756 - 0.0j,0.17446476734647196 - 0.0j,0.023261968979529594 - 0.0j
1140947191.3080714,1.3961064684121958 - 0.0j,0.17451330855152447 - 0.0j,0.023268441140203263 - 0.0j
1178473068.0096965,1.396494798052616 - 0.0j,0.174561849756577 - 0.0j,0.023274913300876936 - 0.0j
1217233174.8605812,1.3968831276930362 - 0.0j,0.17461039096162953 - 0.0j,0.023281385461550605 - 0.0j
1257268105.8240232,1.3972714573334564 - 0.0j,0.17465893216668205 - 0.0j,0.023287857622224274 - 0.0j
1298619790.0031545,1.3976597869738765 - 0.0j,0.17470747337173456 - 0.0j,0.023294329782897943 - 0.0j
1341331535.553871,1.3980481166142966 - 0.0j,0.17475601457678708 - 0.0j,0.023300801943571613 - 0.0j
1385448075.0419855,1.3984364462547167 - 0.0j,0.1748045557818396 - 0.0j,0.023307274104245282 - 0.0j
1431015612.2922626,1.398824775895137 - 0.0j,0.17485309698689214 - 0.0j,0.02331374626491895 - 0.0j
1478081870.7782676,1.3992131055355572 - 0.0j,0.17490163819194465 - 0.0j,0.02332021842559262 - 0.0j
1526696143.6037624,1.3996014351759773 - 0.0j,0.17495017939699717 - 0.0j,0.02332669058626629 - 0.0j
1576909345.1280494,1.3999897648163977 - 0.0j,0.1749987206020497 - 0.0j,0.023333162746939966 - 0.0j
1628774064.2892232,1.400378094456818 - 0.0j,0.17504726180710226 - 0.0j,0.023339634907613635 - 0.0j
1682344619.6812289,1.4007664240972382 - 0.0j,0.17509580301215477 - 0.0j,0.023346107068287304 - 0.0j
1737677116.4424694,1.4011547537376583 - 0.0j,0.1751443442172073 - 0.0j,0.023352579228960973 - 0.0j
1794829505.0154274,1.4015430833780784 - 0.0j,0.1751928854222598 - 0.0j,0.023359051389634643 - 0.0j
1853861641.8388937,1.4019314130184986 - 0.0j,0.17524142662731232 - 0.0j,0.023365523550308312 - 0.0j
1914835352.0364444,1.402319742658919 - 0.0j,0.17528996783236486 - 0.0j,0.02337199571098198 - 0.0j
1977814494.1666348,1.402708072299339 - 0.0j,0.17533850903741738 - 0.0j,0.02337846787165565 - 0.0j
2042865027.102952,1.4030964019397592 - 0.0j,0.1753870502424699 - 0.0j,0.02338494003232932 - 0.0j
2110055079.1133766,1.4034847315801793 - 0.0j,0.1754355914475224 - 0.0j,0.02339141219300299 - 0.0j
2179455019.211977,1.4038730612205994 - 0.0j,0.17548413265257493 - 0.0j,0.023397884353676658 - 0.0j
2251137530.8573413,1.4042613908610198 - 0.0j,0.17553267385762747 - 0.0j,0.023404356514350327 - 0.0j
2325177688.074885,1.4046497205014399 - 0.0j,0.17558121506267999 - 0.0j,0.023410828675024 - 0.0j
2401653034.0828214,1.40503805014186 - 0.0j,0.1756297562677325 - 0.0j,0.02341730083569767 - 0.0j
2480643662.504239,1.4054263797822801 - 0.0j,0.17567829747278502 - 0.0j,0.02342377299637134 - 0.0j
2562232301.2501655,1.4058147094227007 - 0.0j,0.1757268386778376 - 0.0j,0.02343024515704501 - 0.0j
2646504399.161552,1.4062030390631208 - 0.0j,0.1757753798828901 - 0.0j,0.02343671731771868 - 0.0j
2733548215.501025,1.406591368703541 - 0.0j,0.17582392108794262 - 0.0j,0.02344318947839235 - 0.0j
2823454912.387876,1.406979698343961 - 0.0j,0.17587246229299514 - 0.0j,0.02344966163906602 - 0.0j
2916318650.273407,1.4073680279843812 - 0.0j,0.17592100349804765 - 0.0j,0.023456133799739688 - 0.0j
3012236686.5563626,1.4077563576248016 - 0.0j,0.1759695447031002 - 0.0j,0.023462605960413357 - 0.0j
3111309477.4418297,1.4081446872652217 - 0.0j,0.1760180859081527 - 0.0j,0.02346907812108703 - 0.0j
3213640783.150399,1.4085330169056418 - 0.0j,0.17606662711320523 - 0.0j,0.0234755502817607 - 0.0j
3319337776.587556,1.408921346546062 - 0.0j,0.17611516831825774 - 0.0j,0.02348202244243437 - 0.0j
3428511155.5872135,1.409309676186482 - 0.0j,0.17616370952331026 - 0.0j,0.023488494603108038 - 0.0j
3541275258.8470893,1.4096980058269024 - 0.0j,0.1762122507283628 - 0.0j,0.023494966763781707 - 0.0j
3657748185.6769953,1.4100863354673225 - 0.0j,0.17626079193341532 - 0.0j,0.023501438924455376 - 0.0j
3778051919.685878,1.4104746651077427 - 0.0j,0.17630933313846783 - 0.0j,0.023507911085129046 - 0.0j
3902312456.5367966,1.410862994748163 - 0.0j,0.17635787434352038 - 0.0j,0.02351438324580272 - 0.0j
4030659935.903767,1.4112513243885834 - 0.0j,0.17640641554857292 - 0.0j,0.023520855406476388 - 0.0j
4163228777.768828,1.4116396540290035 - 0.0j,0.17645495675362544 - 0.0j,0.02352732756715006 - 0.0j
4300157823.201788,1.4120279836694236 - 0.0j,0.17650349795867795 - 0.0j,0.02353379972782373 - 0.0j
4441590479.7702265,1.4124163133098437 - 0.0j,0.17655203916373047 - 0.0j,0.0235402718884974 - 0.0j
4587674871.732207,1.4128046429502639 - 0.0j,0.17660058036878298 - 0.0j,0.023546744049171068 - 0.0j
4738563995.168688,1.4131929725906842 - 0.0j,0.17664912157383553 - 0.0j,0.023553216209844737 - 0.0j
4894415878.21824,1.4135813022311043 - 0.0j,0.17669766277888804 - 0.0j,0.023559688370518406 - 0.0j
5055393746.582109,1.4139696318715245 - 0.0j,0.17674620398394056 - 0.0j,0.023566160531192076 - 0.0j
5221666194.472454,1.4143579615119446 - 0.0j,0.17679474518899307 - 0.0j,0.023572632691865745 - 0.0j
5393407361.1833935,1.4147462911523647 - 0.0j,0.1768432863940456 - 0.0j,0.023579104852539414 - 0.0j
5570797113.469294,1.415134620792785 - 0.0j,0.17689182759909813 - 0.0j,0.023585577013213083 - 0.0j
5754021233.921483,1.4155229504332052 - 0.0j,0.17694036880415065 - 0.0j,0.023592049173886753 - 0.0j
5943271615.540915,1.4159112800736253 - 0.0j,0.17698891000920317 - 0.0j,0.023598521334560422 - 0.0j
6138746462.710125,1.4162996097140454 - 0.0j,0.17703745121425568 - 0.0j,0.023604993495234095 - 0.0j
6340650498.775188,1.416687939354466 - 0.0j,0.17708599241930825 - 0.0j,0.023611465655907767 - 0.0j
6549195180.455279,1.417076268994886 - 0.0j,0.17713453362436074 - 0.0j,0.023617937816581433 - 0.0j
6764598919.303973,1.4174645986353063 - 0.0j,0.17718307482941328 - 0.0j,0.023624409977255106 - 0.0j
6987087310.454414,1.4178529282757264 - 0.0j,0.1772316160344658 - 0.0j,0.023630882137928775 - 0.0j
7216893368.888226,1.4182412579161465 - 0.0j,0.17728015723951832 - 0.0j,0.023637354298602444 - 0.0j
7454257773.474897,1.4186295875565669 - 0.0j,0.17732869844457086 - 0.0j,0.023643826459276113 - 0.0j
7699429119.038094,1.419017917196987 - 0.0j,0.17737723964962337 - 0.0j,0.023650298619949783 - 0.0j
7952664176.712159,1.4194062468374071 - 0.0j,0.1774257808546759 - 0.0j,0.023656770780623452 - 0.0j
8214228162.861762,1.4197945764778273 - 0.0j,0.1774743220597284 - 0.0j,0.023663242941297125 - 0.0j
8484395016.846624,1.4201829061182474 - 0.0j,0.17752286326478092 - 0.0j,0.023669715101970794 - 0.0j
8763447687.92169,1.4205712357586677 - 0.0j,0.17757140446983347 - 0.0j,0.023676187262644463 - 0.0j
9051678431.573431,1.4209595653990879 - 0.0j,0.17761994567488598 - 0.0j,0.023682659423318132 - 0.0j
9349389115.603075,1.421347895039508 - 0.0j,0.1776684868799385 - 0.0j,0.0236891315839918 - 0.0j
9656891536.276379,1.4217362246799283 - 0.0j,0.17771702808499104 - 0.0j,0.023695603744665474 - 0.0j
9974507744.872158,1.4221245543203482 - 0.0j,0.17776556929004353 - 0.0j,0.02370207590533914 - 0.0j
10302570384.970686,1.4225128839607688 - 0.0j,0.1778141104950961 - 0.0j,0.023708548066012813 - 0.0j
10641423040.835487,1.422901213601189 - 0.0j,0.17786265170014862 - 0.0j,0.023715020226686482 - 0.0j
10991420597.2539,1.423289543241609 - 0.0j,0.17791119290520113 - 0.0j,0.023721492387360155 - 0.0j
11352929611.212183,1.4236778728820292 - 0.0j,0.17795973411025365 - 0.0j,0.023727964548033824 - 0.0j
11726328695.795708,1.4240662025224495 - 0.0j,0.1780082753153062 - 0.0j,0.023734436708707493 - 0.0j
12112008916.715239,1.4244545321628697 - 0.0j,0.1780568165203587 - 0.0j,0.023740908869381162 - 0.0j
12510374201.874975,1.4248428618032898 - 0.0j,0.17810535772541122 - 0.0j,0.02374738103005483 - 0.0j
12921841764.411785,1.42523119144371 - 0.0j,0.17815389893046374 - 0.0j,0.0237538531907285 - 0.0j
13346842539.647804,1.42561952108413 - 0.0j,0.17820244013551625 - 0.0j,0.02376032535140217 - 0.0j
13785821636.414425,1.4260078507245504 - 0.0j,0.1782509813405688 - 0.0j,0.02376679751207584 - 0.0j
14239238803.220934,1.4263961803649705 - 0.0j,0.17829952254562131 - 0.0j,0.02377326967274951 - 0.0j
14707568909.75466,1.4267845100053909 - 0.0j,0.17834806375067386 - 0.0j,0.023779741833423185 - 0.0j
15191302444.218557,1.4271728396458108 - 0.0j,0.17839660495572635 - 0.0j,0.023786213994096847 - 0.0j
15690946027.025703,1.4275611692862313 - 0.0j,0.17844514616077892 - 0.0j,0.023792686154770523 - 0.0j
16207022941.389248,1.4279494989266515 - 0.0j,0.17849368736583143 - 0.0j,0.023799158315444192 - 0.0j
16740073681.364088,1.4283378285670716 - 0.0j,0.17854222857088395 - 0.0j,0.02380563047611786 - 0.0j
17290656517.913136,1.4287261582074917 - 0.0j,0.17859076977593646 - 0.0j,0.02381210263679153 - 0.0j
17859348083.591537,1.4291144878479118 - 0.0j,0.17863931098098898 - 0.0j,0.0238185747974652 - 0.0j
18446743976.461834,1.4295028174883322 - 0.0j,0.17868785218604152 - 0.0j,0.02382504695813887 - 0.0j
19053459383.87137,1.4298911471287523 - 0.0j,0.17873639339109404 - 0.0j,0.02383151911881254 - 0.0j
19680129726.74574,1.4302794767691724 - 0.0j,0.17878493459614656 - 0.0j,0.023837991279486208 - 0.0j
20327411325.073925,1.4306678064095926 - 0.0j,0.17883347580119907 - 0.0j,0.023844463440159877 - 0.0j
20995982085.280106,1.4310561360500127 - 0.0j,0.1788820170062516 - 0.0j,0.023850935600833546 - 0.0j
21686542210.204422,1.431444465690433 - 0.0j,0.17893055821130413 - 0.0j,0.023857407761507216 - 0.0j
22399814932.434288,1.4318327953308534 - 0.0j,0.17897909941635667 - 0.0j,0.02386387992218089 - 0.0j
23136547271.754963,1.4322211249712733 - 0.0j,0.17902764062140916 - 0.0j,0.023870352082854557 - 0.0j
23897510817.513645,1.4326094546116934 - 0.0j,0.17907618182646168 - 0.0j,0.023876824243528227 - 0.0j
24683502536.714733,1.432997784252114 - 0.0j,0.17912472303151425 - 0.0j,0.0238832964042019 - 0.0j
25495345608.693428,1.4333861138925341 - 0.0j,0.17917326423656676 - 0.0j,0.02388976856487557 - 0.0j
26333890287.242725,1.4337744435329542 - 0.0j,0.17922180544161928 - 0.0j,0.023896240725549238 - 0.0j
27200014791.094975,1.4341627731733744 - 0.0j,0.1792703466466718 - 0.0j,0.023902712886222907 - 0.0j
28094626223.691425,1.4345511028137945 - 0.0j,0.1793188878517243 - 0.0j,0.023909185046896576 - 0.0j
29018661523.204212,1.4349394324542148 - 0.0j,0.17936742905677686 - 0.0j,0.023915657207570246 - 0.0j
29973088443.80296,1.435327762094635 - 0.0j,0.17941597026182937 - 0.0j,0.02392212936824392 - 0.0j
30958906569.19712,1.435716091735055 - 0.0j,0.1794645114668819 - 0.0j,0.023928601528917588 - 0.0j
31977148359.512623,1.4361044213754752 - 0.0j,0.1795130526719344 - 0.0j,0.023935073689591257 - 0.0j
33028880232.600372,1.4364927510158954 - 0.0j,0.17956159387698692 - 0.0j,0.023941545850264926 - 0.0j
34115203680.910297,1.4368810806563157 - 0.0j,0.17961013508203946 - 0.0j,0.023948018010938595 - 0.0j
35237256425.09831,1.4372694102967358 - 0.0j,0.17965867628709198 - 0.0j,0.023954490171612264 - 0.0j
36396213605.575516,1.437657739937156 - 0.0j,0.1797072174921445 - 0.0j,0.023960962332285934 - 0.0j
37593289013.24884,1.438046069577576 - 0.0j,0.179755758697197 - 0.0j,0.023967434492959603 - 0.0j
38829736360.73962,1.4384343992179967 - 0.0j,0.17980429990224958 - 0.0j,0.023973906653633276 - 0.0j
40106850595.41262,1.4388227288584166 - 0.0j,0.17985284110730207 - 0.0j,0.02398037881430694 - 0.0j
41425969255.59237,1.439211058498837 - 0.0j,0.1799013823123546 - 0.0j,0.023986850974980618 - 0.0j
42788473871.38306,1.439599388139257 - 0.0j,0.17994992351740713 - 0.0j,0.023993323135654287 - 0.0j
44195791411.56418,1.4399877177796772 - 0.0j,0.17999846472245964 - 0.0j,0.023999795296327956 - 0.0j
45649395778.07294,1.4403760474200975 - 0.0j,0.1800470059275122 - 0.0j,0.024006267457001625 - 0.0j
47150809349.64034,1.4407643770605176 - 0.0j,0.1800955471325647 - 0.0j,0.024012739617675295 - 0.0j
48701604576.199326,1.4411527067009378 - 0.0j,0.18014408833761722 - 0.0j,0.024019211778348964 - 0.0j
50303405625.731445,1.4415410363413579 - 0.0j,0.18019262954266974 - 0.0j,0.024025683939022633 - 0.0j
51957890085.27847,1.441929365981778 - 0.0j,0.18024117074772225 - 0.0j,0.024032156099696302 - 0.0j
53666790717.90253,1.4423176956221984 - 0.0j,0.1802897119527748 - 0.0j,0.02403862826036997 - 0.0j
55431897277.42966,1.4427060252626185 - 0.0j,0.1803382531578273 - 0.0j,0.02404510042104364 - 0.0j
57255058382.88376,1.4430943549030386 - 0.0j,0.18038679436287983 - 0.0j,0.02405157258171731 - 0.0j
59138183454.56868,1.443482684543459 - 0.0j,0.18043533556793237 - 0.0j,0.024058044742390986 - 0.0j
61083244713.82815,1.4438710141838789 - 0.0j,0.18048387677298486 - 0.0j,0.024064516903064652 - 0.0j
63092279248.58024,1.4442593438242994 - 0.0j,0.18053241797803743 - 0.0j,0.024070989063738325 - 0.0j
65167391146.7853,1.4446476734647196 - 0.0j,0.18058095918308995 - 0.0j,0.024077461224411994 - 0.0j
67310753700.083824,1.4450360031051397 - 0.0j,0.18062950038814246 - 0.0j,0.024083933385085663 - 0.0j
69524611679.91452,1.4454243327455598 - 0.0j,0.18067804159319498 - 0.0j,0.024090405545759332 - 0.0j
71811283688.49193,1.4458126623859802 - 0.0j,0.18072658279824752 - 0.0j,0.024096877706433 - 0.0j
74173164587.10764,1.4462009920264003 - 0.0j,0.18077512400330004 - 0.0j,0.02410334986710667 - 0.0j
76612728004.30171,1.4465893216668204 - 0.0j,0.18082366520835255 - 0.0j,0.02410982202778034 - 0.0j
79132528926.52362,1.4469776513072405 - 0.0j,0.18087220641340507 - 0.0j,0.024116294188454013 - 0.0j
81735206374.0048,1.4473659809476607 - 0.0j,0.18092074761845758 - 0.0j,0.024122766349127682 - 0.0j
84423486164.63799,1.447754310588081 - 0.0j,0.18096928882351013 - 0.0j,0.02412923850980135 - 0.0j
87200183768.7606,1.4481426402285011 - 0.0j,0.18101783002856264 - 0.0j,0.02413571067047502 - 0.0j
90068207257.8355,1.4485309698689213 - 0.0j,0.18106637123361516 - 0.0j,0.02414218283114869 - 0.0j
93030560350.11089,1.4489192995093414 - 0.0j,0.18111491243866767 - 0.0j,0.02414865499182236 - 0.0j
96090345556.45242,1.449307629149762 - 0.0j,0.18116345364372025 - 0.0j,0.02415512715249603 - 0.0j
99250767429.64528,1.4496959587901819 - 0.0j,0.18121199484877273 - 0.0j,0.024161599313169697 - 0.0j
102515135920.5629,1.4500842884306022 - 0.0j,0.18126053605382528 - 0.0j,0.02416807147384337 - 0.0j
105886869844.72017,1.4504726180710223 - 0.0j,0.1813090772588778 - 0.0j,0.024174543634517043 - 0.0j
109369500462.84631,1.4508609477114425 - 0.0j,0.1813576184639303 - 0.0j,0.024181015795190712 - 0.0j
112966675179.21661,1.4512492773518628 - 0.0j,0.18140615966898285 - 0.0j,0.02418748795586438 - 0.0j
116682161361.6294,1.451637606992283 - 0.0j,0.18145470087403537 - 0.0j,0.02419396011653805 - 0.0j
120519850287.01799,1.452025936632703 - 0.0j,0.18150324207908788 - 0.0j,0.02420043227721172 - 0.0j
124483761216.83401,1.4524142662731232 - 0.0j,0.1815517832841404 - 0.0j,0.02420690443788539 - 0.0j
128578045606.47508,1.4528025959135433 - 0.0j,0.18160032448919292 - 0.0j,0.024213376598559058 - 0.0j
132806991453.15652,1.4531909255539637 - 0.0j,0.18164886569424546 - 0.0j,0.024219848759232727 - 0.0j
137175027786.78494,1.4535792551943838 - 0.0j,0.18169740689929798 - 0.0j,0.024226320919906397 - 0.0j
141686729308.54242,1.453967584834804 - 0.0j,0.1817459481043505 - 0.0j,0.024232793080580066 - 0.0j
146346821182.0262,1.454355914475224 - 0.0j,0.181794489309403 - 0.0j,0.024239265241253735 - 0.0j
151160183981.97778,1.4547442441156442 - 0.0j,0.18184303051445552 - 0.0j,0.024245737401927404 - 0.0j
156131858805.77054,1.4551325737560648 - 0.0j,0.1818915717195081 - 0.0j,0.02425220956260108 - 0.0j
161267052553.01462,1.4555209033964849 - 0.0j,0.1819401129245606 - 0.0j,0.02425868172327475 - 0.0j
166571143378.81418,1.455909233036905 - 0.0j,0.18198865412961313 - 0.0j,0.02426515388394842 - 0.0j
172049686326.3774,1.4562975626773251 - 0.0j,0.18203719533466564 - 0.0j,0.02427162604462209 - 0.0j
177708419144.88315,1.4566858923177455 - 0.0j,0.18208573653971818 - 0.0j,0.024278098205295758 - 0.0j
183553268298.7043,1.4570742219581656 - 0.0j,0.1821342777447707 - 0.0j,0.024284570365969427 - 0.0j
189590355174.269,1.4574625515985857 - 0.0j,0.18218281894982322 - 0.0j,0.024291042526643096 - 0.0j
195826002491.06573,1.4578508812390059 - 0.0j,0.18223136015487573 - 0.0j,0.024297514687316765 - 0.0j
202266740923.5149,1.458239210879426 - 0.0j,0.18227990135992825 - 0.0j,0.024303986847990434 - 0.0j
208919315940.62268,1.4586275405198463 - 0.0j,0.1823284425649808 - 0.0j,0.024310459008664104 - 0.0j
215790694870.60403,1.4590158701602665 - 0.0j,0.1823769837700333 - 0.0j,0.024316931169337776 - 0.0j
222888074197.85358,1.4594041998006866 - 0.0j,0.18242552497508582 - 0.0j,0.024323403330011446 - 0.0j
230218887099.91446,1.4597925294411067 - 0.0j,0.18247406618013834 - 0.0j,0.024329875490685115 - 0.0j
237790811232.34702,1.4601808590815273 - 0.0j,0.1825226073851909 - 0.0j,0.024336347651358788 - 0.0j
245611776769.63474,1.4605691887219474 - 0.0j,0.18257114859024343 - 0.0j,0.024342819812032457 - 0.0j
253689974710.55566,1.4609575183623675 - 0.0j,0.18261968979529594 - 0.0j,0.024349291972706126 - 0.0j
262033865456.728,1.4613458480027877 - 0.0j,0.18266823100034846 - 0.0j,0.024355764133379795 - 0.0j
270652187673.2955,1.4617341776432078 - 0.0j,0.18271677220540097 - 0.0j,0.024362236294053465 - 0.0j
279553967441.0419,1.4621225072836281 - 0.0j,0.18276531341045352 - 0.0j,0.024368708454727134 - 0.0j
288748527709.5297,1.4625108369240483 - 0.0j,0.18281385461550603 - 0.0j,0.024375180615400806 - 0.0j
298245498061.13806,1.4628991665644684 - 0.0j,0.18286239582055855 - 0.0j,0.024381652776074476 - 0.0j
308054824796.25696,1.4632874962048885 - 0.0j,0.18291093702561106 - 0.0j,0.024388124936748145 - 0.0j
318186781350.1736,1.4636758258453086 - 0.0j,0.18295947823066358 - 0.0j,0.024394597097421814 - 0.0j
328651979052.5706,1.464064155485729 - 0.0j,0.18300801943571612 - 0.0j,0.024401069258095483 - 0.0j
339461378240.91724,1.4644524851261491 - 0.0j,0.18305656064076864 - 0.0j,0.024407541418769153 - 0.0j
350626299739.3693,1.4648408147665692 - 0.0j,0.18310510184582116 - 0.0j,0.024414013579442822 - 0.0j
362158436715.2111,1.4652291444069896 - 0.0j,0.1831536430508737 - 0.0j,0.024420485740116495 - 0.0j
374069866925.2696,1.4656174740474095 - 0.0j,0.1832021842559262 - 0.0j,0.02442695790079016 - 0.0j
386373065365.1022,1.46600580368783 - 0.0j,0.18325072546097876 - 0.0j,0.024433430061463837 - 0.0j
399080917334.2165,1.4663941333282502 - 0.0j,0.18329926666603127 - 0.0j,0.024439902222137506 - 0.0j
412206731931.0233,1.4667824629686703 - 0.0j,0.1833478078710838 - 0.0j,0.024446374382811175 - 0.0j
425764255991.61475,1.4671707926090904 - 0.0j,0.1833963490761363 - 0.0j,0.024452846543484844 - 0.0j
439767688487.01624,1.4675591222495108 - 0.0j,0.18344489028118885 - 0.0j,0.024459318704158513 - 0.0j
454231695393.94824,1.467947451889931 - 0.0j,0.18349343148624137 - 0.0j,0.024465790864832183 - 0.0j
469171425054.6885,1.468335781530351 - 0.0j,0.18354197269129388 - 0.0j,0.024472263025505852 - 0.0j
484602524042.13855,1.4687241111707712 - 0.0j,0.1835905138963464 - 0.0j,0.02447873518617952 - 0.0j
500541153546.67773,1.4691124408111913 - 0.0j,0.1836390551013989 - 0.0j,0.02448520734685319 - 0.0j
517004006301.9812,1.4695007704516116 - 0.0j,0.18368759630645146 - 0.0j,0.02449167950752686 - 0.0j
534008324067.5511,1.4698891000920318 - 0.0j,0.18373613751150397 - 0.0j,0.02449815166820053 - 0.0j
551571915686.2184,1.470277429732452 - 0.0j,0.1837846787165565 - 0.0j,0.024504623828874198 - 0.0j
569713175735.5902,1.470665759372872 - 0.0j,0.183833219921609 - 0.0j,0.02451109598954787 - 0.0j
588451103792.9242,1.4710540890132926 - 0.0j,0.18388176112666157 - 0.0j,0.024517568150221544 - 0.0j
607805324333.624,1.4714424186537127 - 0.0j,0.1839303023317141 - 0.0j,0.024524040310895213 - 0.0j
627796107284.2227,1.4718307482941329 - 0.0j,0.1839788435367666 - 0.0j,0.024530512471568882 - 0.0j
648444389251.3325,1.472219077934553 - 0.0j,0.18402738474181912 - 0.0j,0.02453698463224255 - 0.0j
669771795448.8168,1.472607407574973 - 0.0j,0.18407592594687164 - 0.0j,0.02454345679291622 - 0.0j
691800662346.1735,1.4729957372153935 - 0.0j,0.18412446715192418 - 0.0j,0.02454992895358989 - 0.0j
714554061061.8015,1.4733840668558136 - 0.0j,0.1841730083569767 - 0.0j,0.02455640111426356 - 0.0j
738055821525.6742,1.4737723964962337 - 0.0j,0.1842215495620292 - 0.0j,0.024562873274937228 - 0.0j
762330557436.7549,1.4741607261366538 - 0.0j,0.18427009076708173 - 0.0j,0.0245693454356109 - 0.0j
787403692041.2192,1.474549055777074 - 0.0j,0.18431863197213424 - 0.0j,0.02457581759628457 - 0.0j
813301484758.5729,1.4749373854174943 - 0.0j,0.1843671731771868 - 0.0j,0.02458228975695824 - 0.0j
840051058683.4733,1.4753257150579144 - 0.0j,0.1844157143822393 - 0.0j,0.02458876191763191 - 0.0j
867680428992.089,1.4757140446983346 - 0.0j,0.18446425558729182 - 0.0j,0.024595234078305578 - 0.0j
896218532282.7772,1.4761023743387547 - 0.0j,0.18451279679234434 - 0.0j,0.024601706238979247 - 0.0j
925695256881.7498,1.4764907039791753 - 0.0j,0.1845613379973969 - 0.0j,0.02460817839965292 - 0.0j
956141474145.4935,1.4768790336195954 - 0.0j,0.18460987920244942 - 0.0j,0.02461465056032659 - 0.0j
987589070792.7653,1.4772673632600153 - 0.0j,0.1846584204075019 - 0.0j,0.024621122721000255 - 0.0j
1020070982299.956,1.4776556929004356 - 0.0j,0.18470696161255445 - 0.0j,0.02462759488167393 - 0.0j
1053621227394.83,1.4780440225408558 - 0.0j,0.18475550281760697 - 0.0j,0.0246340670423476 - 0.0j
1088274943684.8091,1.478432352181276 - 0.0j,0.1848040440226595 - 0.0j,0.02464053920302127 - 0.0j
1124068424457.0117,1.4788206818216962 - 0.0j,0.18485258522771203 - 0.0j,0.02464701136369494 - 0.0j
1161039156688.7144,1.4792090114621164 - 0.0j,0.18490112643276455 - 0.0j,0.024653483524368608 - 0.0j
1199225860307.9365,1.4795973411025365 - 0.0j,0.18494966763781706 - 0.0j,0.024659955685042277 - 0.0j
1238668528745.309,1.4799856707429566 - 0.0j,0.18499820884286958 - 0.0j,0.024666427845715946 - 0.0j
1279408470819.744,1.480374000383377 - 0.0j,0.18504675004792212 - 0.0j,0.024672900006389616 - 0.0j
1321488354001.681,1.480762330023797 - 0.0j,0.18509529125297464 - 0.0j,0.024679372167063285 - 0.0j
1364952249099.268,1.4811506596642172 - 0.0j,0.18514383245802715 - 0.0j,0.024685844327736954 - 0.0j
1409845676414.3286,1.4815389893046373 - 0.0j,0.18519237366307967 - 0.0j,0.024692316488410623 - 0.0j
1456215653416.3213,1.481927318945058 - 0.0j,0.18524091486813224 - 0.0j,0.0246987886490843 - 0.0j
1504110743984.3845,1.4823156485854778 - 0.0j,0.18528945607318473 - 0.0j,0.024705260809757962 - 0.0j
1553581109268.9023,1.4827039782258982 - 0.0j,0.18533799727823727 - 0.0j,0.024711732970431638 - 0.0j
1604678560225.9092,1.4830923078663183 - 0.0j,0.1853865384832898 - 0.0j,0.024718205131105307 - 0.0j
1657456611879.4143,1.4834806375067384 - 0.0j,0.1854350796883423 - 0.0j,0.024724677291778976 - 0.0j
1711970539368.3633,1.4838689671471588 - 0.0j,0.18548362089339485 - 0.0j,0.024731149452452646 - 0.0j
1768277435836.988,1.484257296787579 - 0.0j,0.18553216209844736 - 0.0j,0.024737621613126315 - 0.0j
1826436272229.2393,1.484645626427999 - 0.0j,0.18558070330349988 - 0.0j,0.024744093773799984 - 0.0j
1886507959049.802,1.4850339560684191 - 0.0j,0.1856292445085524 - 0.0j,0.024750565934473653 - 0.0j
1948555410156.4346,1.4854222857088393 - 0.0j,0.1856777857136049 - 0.0j,0.024757038095147323 - 0.0j
2012643608650.523,1.4858106153492596 - 0.0j,0.18572632691865745 - 0.0j,0.024763510255820992 - 0.0j
2078839674934.6638,1.4861989449896797 - 0.0j,0.18577486812370997 - 0.0j,0.024769982416494665 - 0.0j
2147212937008.7898,1.4865872746300999 - 0.0j,0.18582340932876248 - 0.0j,0.024776454577168334 - 0.0j
2217835003078.261,1.4869756042705202 - 0.0j,0.18587195053381503 - 0.0j,0.024782926737842007 - 0.0j
2290779836550.042,1.4873639339109401 - 0.0j,0.18592049173886752 - 0.0j,0.024789398898515672 - 0.0j
2366123833495.5894,1.4877522635513605 - 0.0j,0.18596903294392006 - 0.0j,0.02479587105918934 - 0.0j
2443945902661.426,1.4881405931917808 - 0.0j,0.1860175741489726 - 0.0j,0.024802343219863014 - 0.0j
2524327548111.264,1.488528922832201 - 0.0j,0.18606611535402512 - 0.0j,0.024808815380536683 - 0.0j
2607352954586.3315,1.488917252472621 - 0.0j,0.18611465655907763 - 0.0j,0.024815287541210353 - 0.0j
2693109075673.1123,1.4893055821130414 - 0.0j,0.18616319776413018 - 0.0j,0.024821759701884022 - 0.0j
2781685724870.9355,1.4896939117534616 - 0.0j,0.1862117389691827 - 0.0j,0.024828231862557695 - 0.0j
2873175669654.8965,1.4900822413938817 - 0.0j,0.1862602801742352 - 0.0j,0.024834704023231364 - 0.0j
2967674728632.348,1.4904705710343018 - 0.0j,0.18630882137928773 - 0.0j,0.024841176183905033 - 0.0j
3065281871895.052,1.490858900674722 - 0.0j,0.18635736258434024 - 0.0j,0.024847648344578702 - 0.0j
3166099324671.809,1.4912472303151423 - 0.0j,0.18640590378939279 - 0.0j,0.02485412050525237 - 0.0j
3270232674390.2295,1.4916355599555624 - 0.0j,0.1864544449944453 - 0.0j,0.02486059266592604 - 0.0j
3377790981259.892,1.4920238895959825 - 0.0j,0.18650298619949782 - 0.0j,0.02486706482659971 - 0.0j
3488886892492.484,1.4924122192364027 - 0.0j,0.18655152740455033 - 0.0j,0.02487353698727338 - 0.0j
3603636760278.6416,1.4928005488768228 - 0.0j,0.18660006860960285 - 0.0j,0.02488000914794705 - 0.0j
3722160763645.1973,1.4931888785172431 - 0.0j,0.1866486098146554 - 0.0j,0.024886481308620718 - 0.0j
3844583034320.195,1.4935772081576635 - 0.0j,0.18669715101970794 - 0.0j,0.024892953469294394 - 0.0j
3971031786737.61,1.4939655377980836 - 0.0j,0.18674569222476045 - 0.0j,0.024899425629968063 - 0.0j
4101639452318.104,1.4943538674385037 - 0.0j,0.18679423342981297 - 0.0j,0.024905897790641732 - 0.0j
4236542818166.0425,1.494742197078924 - 0.0j,0.1868427746348655 - 0.0j,0.0249123699513154 - 0.0j
4375883170328.5186,1.4951305267193442 - 0.0j,0.18689131583991803 - 0.0j,0.02491884211198907 - 0.0j
4519806441766.02,1.4955188563597643 - 0.0j,0.18693985704497054 - 0.0j,0.02492531427266274 - 0.0j
4668463365189.854,1.4959071860001845 - 0.0j,0.18698839825002306 - 0.0j,0.02493178643333641 - 0.0j
4822009630926.587,1.4962955156406046 - 0.0j,0.18703693945507557 - 0.0j,0.02493825859401008 - 0.0j
4980606049974.49,1.496683845281025 - 0.0j,0.18708548066012812 - 0.0j,0.024944730754683748 - 0.0j
5144418722422.925,1.497072174921445 - 0.0j,0.18713402186518063 - 0.0j,0.024951202915357417 - 0.0j
5313619211411.266,1.4974605045618652 - 0.0j,0.18718256307023315 - 0.0j,0.024957675076031086 - 0.0j
5488384722809.036,1.4978488342022853 - 0.0j,0.18723110427528566 - 0.0j,0.02496414723670476 - 0.0j
5668898290806.071,1.4982371638427054 - 0.0j,0.18727964548033818 - 0.0j,0.024970619397378428 - 0.0j
5855348969606.532,1.498625493483126 - 0.0j,0.18732818668539075 - 0.0j,0.0249770915580521 - 0.0j
6047932031427.764,1.499013823123546 - 0.0j,0.18737672789044324 - 0.0j,0.024983563718725767 - 0.0j
6246849171011.56,1.4994021527639663 - 0.0j,0.18742526909549578 - 0.0j,0.02499003587939944 - 0.0j
6452308716861.62,1.4997904824043864 - 0.0j,0.1874738103005483 - 0.0j,0.02499650804007311 - 0.0j
6664525849428.619,1.5001788120448067 - 0.0j,0.18752235150560084 - 0.0j,0.025002980200746778 - 0.0j
6883722826471.639,1.5005671416852269 - 0.0j,0.18757089271065336 - 0.0j,0.025009452361420447 - 0.0j
7110129215831.53,1.500955471325647 - 0.0j,0.18761943391570587 - 0.0j,0.025015924522094116 - 0.0j
7343982135860.213,1.5013438009660671 - 0.0j,0.1876679751207584 - 0.0j,0.02502239668276779 - 0.0j
7585526503758.0,1.5017321306064872 - 0.0j,0.1877165163258109 - 0.0j,0.02502886884344146 - 0.0j
7835015292078.328,1.5021204602469076 - 0.0j,0.18776505753086345 - 0.0j,0.025035341004115128 - 0.0j
8092709793669.41,1.5025087898873277 - 0.0j,0.18781359873591597 - 0.0j,0.025041813164788797 - 0.0j
8358879895329.543,1.502897119527748 - 0.0j,0.1878621399409685 - 0.0j,0.02504828532546247 - 0.0j
8633804360462.945,1.503285449168168 - 0.0j,0.187910681146021 - 0.0j,0.025054757486136135 - 0.0j
8917771121032.502,1.503673778808588 - 0.0j,0.1879592223510735 - 0.0j,0.025061229646809804 - 0.0j
9211077579114.541,1.5040621084490085 - 0.0j,0.18800776355612606 - 0.0j,0.025067701807483474 - 0.0j
9514030918371.787,1.5044504380894288 - 0.0j,0.1880563047611786 - 0.0j,0.025074173968157146 - 0.0j
9826948425771.012,1.5048387677298487 - 0.0j,0.1881048459662311 - 0.0j,0.025080646128830812 - 0.0j
10150157823881.7,1.505227097370269 - 0.0j,0.18815338717128363 - 0.0j,0.02508711828950449 - 0.0j
10483997614104.01,1.5056154270106894 - 0.0j,0.18820192837633617 - 0.0j,0.025093590450178158 - 0.0j
10828817431185.99,1.5060037566511095 - 0.0j,0.1882504695813887 - 0.0j,0.025100062610851827 - 0.0j
11184978409400.25,1.5063920862915297 - 0.0j,0.1882990107864412 - 0.0j,0.025106534771525496 - 0.0j
11552853560764.87,1.5067804159319498 - 0.0j,0.18834755199149372 - 0.0j,0.025113006932199165 - 0.0j
11932828165703.607,1.50716874557237 - 0.0j,0.18839609319654624 - 0.0j,0.025119479092872835 - 0.0j
12325300176554.953,1.5075570752127903 - 0.0j,0.18844463440159878 - 0.0j,0.025125951253546504 - 0.0j
12730680634353.05,1.5079454048532104 - 0.0j,0.1884931756066513 - 0.0j,0.025132423414220173 - 0.0j
13149394099316.188,1.5083337344936305 - 0.0j,0.1885417168117038 - 0.0j,0.025138895574893842 - 0.0j
13581879095494.053,1.5087220641340506 - 0.0j,0.18859025801675633 - 0.0j,0.02514536773556751 - 0.0j
14028588570040.045,1.5091103937744708 - 0.0j,0.18863879922180884 - 0.0j,0.02515183989624118 - 0.0j
14489990367588.277,1.5094987234148913 - 0.0j,0.18868734042686142 - 0.0j,0.025158312056914857 - 0.0j
14966567720233.719,1.5098870530553112 - 0.0j,0.1887358816319139 - 0.0j,0.025164784217588523 - 0.0j
15458819753627.293,1.5102753826957316 - 0.0j,0.18878442283696645 - 0.0j,0.025171256378262195 - 0.0j
15967262009716.453,1.5106637123361517 - 0.0j,0.18883296404201896 - 0.0j,0.025177728538935865 - 0.0j
16492426986679.33,1.511052041976572 - 0.0j,0.1888815052470715 - 0.0j,0.025184200699609534 - 0.0j
17034864696616.822,1.5114403716169922 - 0.0j,0.18893004645212402 - 0.0j,0.025190672860283203 - 0.0j
17595143241587.188,1.5118287012574123 - 0.0j,0.18897858765717654 - 0.0j,0.025197145020956872 - 0.0j
18173849408587.117,1.5122170308978324 - 0.0j,0.18902712886222905 - 0.0j,0.02520361718163054 - 0.0j
18771589284101.203,1.5126053605382526 - 0.0j,0.18907567006728157 - 0.0j,0.02521008934230421 - 0.0j
19388988888863.914,1.512993690178673 - 0.0j,0.18912421127233411 - 0.0j,0.02521656150297788 - 0.0j
20026694833499.81,1.513382019819093 - 0.0j,0.18917275247738663 - 0.0j,0.025223033663651553 - 0.0j
20685374995726.586,1.5137703494595132 - 0.0j,0.18922129368243915 - 0.0j,0.025229505824325222 - 0.0j
21365719219832.676,1.5141586790999333 - 0.0j,0.18926983488749166 - 0.0j,0.02523597798499889 - 0.0j
22068440039159.887,1.5145470087403539 - 0.0j,0.18931837609254423 - 0.0j,0.025242450145672564 - 0.0j
22794273422348.535,1.5149353383807738 - 0.0j,0.18936691729759672 - 0.0j,0.02524892230634623 - 0.0j
23543979544127.504,1.5153236680211941 - 0.0j,0.18941545850264926 - 0.0j,0.025255394467019902 - 0.0j
24318343581454.86,1.5157119976616142 - 0.0j,0.18946399970770178 - 0.0j,0.02526186662769357 - 0.0j
25118176535843.566,1.5161003273020344 - 0.0j,0.1895125409127543 - 0.0j,0.02526833878836724 - 0.0j
25944316082734.49,1.5164886569424547 - 0.0j,0.18956108211780684 - 0.0j,0.02527481094904091 - 0.0j
26797627448804.48,1.5168769865828748 - 0.0j,0.18960962332285936 - 0.0j,0.025281283109714583 - 0.0j
27679004318129.184,1.517265316223295 - 0.0j,0.18965816452791187 - 0.0j,0.025287755270388252 - 0.0j
28589369768150.74,1.517653645863715 - 0.0j,0.1897067057329644 - 0.0j,0.02529422743106192 - 0.0j
29529677236427.867,1.5180419755041352 - 0.0j,0.1897552469380169 - 0.0j,0.02530069959173559 - 0.0j
30500911519184.227,1.5184303051445556 - 0.0j,0.18980378814306945 - 0.0j,0.02530717175240926 - 0.0j
31504089802697.95,1.5188186347849757 - 0.0j,0.18985232934812196 - 0.0j,0.02531364391308293 - 0.0j
32540262728613.637,1.5192069644253958 - 0.0j,0.18990087055317448 - 0.0j,0.025320116073756598 - 0.0j
33610515494293.77,1.519595294065816 - 0.0j,0.189949411758227 - 0.0j,0.025326588234430267 - 0.0j
34715968989359.637,1.519983623706236 - 0.0j,0.1899979529632795 - 0.0j,0.025333060395103937 - 0.0j
35857780969613.15,1.5203719533466566 - 0.0j,0.19004649416833208 - 0.0j,0.025339532555777613 - 0.0j
37037147269570.37,1.5207602829870766 - 0.0j,0.19009503537338457 - 0.0j,0.025346004716451275 - 0.0j
38255303054874.13,1.521148612627497 - 0.0j,0.1901435765784371 - 0.0j,0.02535247687712495 - 0.0j
39513524115898.586,1.5215369422679168 - 0.0j,0.1901921177834896 - 0.0j,0.025358949037798617 - 0.0j
40813128203902.09,1.5219252719083374 - 0.0j,0.19024065898854217 - 0.0j,0.02536542119847229 - 0.0j
42155476411123.99,1.5223136015487575 - 0.0j,0.1902892001935947 - 0.0j,0.02537189335914596 - 0.0j
43541974596275.29,1.5227019311891776 - 0.0j,0.1903377413986472 - 0.0j,0.02537836551981963 - 0.0j
44974074856912.27,1.5230902608295978 - 0.0j,0.19038628260369972 - 0.0j,0.025384837680493298 - 0.0j
46453277050236.62,1.5234785904700179 - 0.0j,0.19043482380875223 - 0.0j,0.025391309841166967 - 0.0j
47981130363916.34,1.5238669201104382 - 0.0j,0.19048336501380478 - 0.0j,0.025397782001840636 - 0.0j
49559234938569.695,1.5242552497508584 - 0.0j,0.1905319062188573 - 0.0j,0.025404254162514305 - 0.0j
51189243543612.555,1.5246435793912785 - 0.0j,0.1905804474239098 - 0.0j,0.025410726323187974 - 0.0j
52872863308226.74,1.5250319090316986 - 0.0j,0.19062898862896233 - 0.0j,0.025417198483861647 - 0.0j
54611857509256.914,1.5254202386721192 - 0.0j,0.1906775298340149 - 0.0j,0.02542367064453532 - 0.0j
56408047417914.78,1.525808568312539 - 0.0j,0.19072607103906739 - 0.0j,0.025430142805208986 - 0.0j
58263314207219.51,1.5261968979529594 - 0.0j,0.19077461224411993 - 0.0j,0.02543661496588266 - 0.0j
60179600922173.88,1.5265852275933793 - 0.0j,0.19082315344917242 - 0.0j,0.025443087126556324 - 0.0j
62158914514742.016,1.5269735572337997 - 0.0j,0.19087169465422496 - 0.0j,0.025449559287229997 - 0.0j
64203327945755.53,1.52736188687422 - 0.0j,0.1909202358592775 - 0.0j,0.025456031447903666 - 0.0j
66314982355951.53,1.5277502165146402 - 0.0j,0.19096877706433002 - 0.0j,0.025462503608577335 - 0.0j
68496089308418.664,1.5281385461550603 - 0.0j,0.19101731826938254 - 0.0j,0.025468975769251005 - 0.0j
70748933104795.14,1.5285268757954804 - 0.0j,0.19106585947443505 - 0.0j,0.025475447929924677 - 0.0j
73075873177646.6,1.5289152054359005 - 0.0j,0.19111440067948757 - 0.0j,0.025481920090598346 - 0.0j
75479346561532.48,1.5293035350763209 - 0.0j,0.1911629418845401 - 0.0j,0.025488392251272016 - 0.0j
77961870445341.67,1.529691864716741 - 0.0j,0.19121148308959263 - 0.0j,0.025494864411945685 - 0.0j
80526044808579.16,1.5300801943571611 - 0.0j,0.19126002429464514 - 0.0j,0.025501336572619354 - 0.0j
83174555144357.48,1.5304685239975813 - 0.0j,0.19130856549969766 - 0.0j,0.025507808733293023 - 0.0j
85910175271947.52,1.5308568536380014 - 0.0j,0.19135710670475017 - 0.0j,0.025514280893966693 - 0.0j
88735770241837.42,1.531245183278422 - 0.0j,0.19140564790980275 - 0.0j,0.025520753054640365 - 0.0j
91654299336336.28,1.5316335129188419 - 0.0j,0.19145418911485523 - 0.0j,0.02552722521531403 - 0.0j
94668819168867.7,1.5320218425592622 - 0.0j,0.19150273031990778 - 0.0j,0.025533697375987707 - 0.0j
97782486885203.0,1.5324101721996821 - 0.0j,0.19155127152496026 - 0.0j,0.02554016953666137 - 0.0j
100998563469979.9,1.5327985018401027 - 0.0j,0.19159981273001284 - 0.0j,0.025546641697335046 - 0.0j
104320417161972.88,1.5331868314805228 - 0.0j,0.19164835393506535 - 0.0j,0.025553113858008715 - 0.0j
107751526981696.14,1.533575161120943 - 0.0j,0.19169689514011787 - 0.0j,0.025559586018682384 - 0.0j
111295486375023.72,1.533963490761363 - 0.0j,0.19174543634517038 - 0.0j,0.025566058179356053 - 0.0j
114956006976655.0,1.5343518204017832 - 0.0j,0.1917939775502229 - 0.0j,0.025572530340029723 - 0.0j
118736922497356.69,1.5347401500422035 - 0.0j,0.19184251875527544 - 0.0j,0.025579002500703392 - 0.0j
122642192739056.34,1.5351284796826237 - 0.0j,0.19189105996032796 - 0.0j,0.02558547466137706 - 0.0j
126675907741997.36,1.5355168093230438 - 0.0j,0.19193960116538047 - 0.0j,0.02559194682205073 - 0.0j
130842292068289.72,1.535905138963464 - 0.0j,0.191988142370433 - 0.0j,0.0255984189827244 - 0.0j
135145709226347.22,1.5362934686038845 - 0.0j,0.19203668357548556 - 0.0j,0.025604891143398076 - 0.0j
139590666240850.17,1.5366817982443044 - 0.0j,0.19208522478053805 - 0.0j,0.025611363304071738 - 0.0j
144181818373006.5,1.5370701278847247 - 0.0j,0.1921337659855906 - 0.0j,0.025617835464745414 - 0.0j
148923973996071.3,1.5374584575251447 - 0.0j,0.19218230719064308 - 0.0j,0.02562430762541908 - 0.0j
153822099631216.8,1.537846787165565 - 0.0j,0.19223084839569562 - 0.0j,0.025630779786092753 - 0.0j
158881325149032.7,1.5382351168059853 - 0.0j,0.19227938960074817 - 0.0j,0.025637251946766422 - 0.0j
164106949142109.8,1.5386234464464055 - 0.0j,0.19232793080580068 - 0.0j,0.02564372410744009 - 0.0j
169504444474323.34,1.5390117760868256 - 0.0j,0.1923764720108532 - 0.0j,0.02565019626811376 - 0.0j
175079464012632.03,1.5394001057272457 - 0.0j,0.19242501321590572 - 0.0j,0.02565666842878743 - 0.0j
180837846547403.22,1.5397884353676659 - 0.0j,0.19247355442095823 - 0.0j,0.0256631405894611 - 0.0j
186785622907451.97,1.5401767650080862 - 0.0j,0.19252209562601078 - 0.0j,0.025669612750134768 - 0.0j
192929022276203.88,1.5405650946485063 - 0.0j,0.1925706368310633 - 0.0j,0.02567608491080844 - 0.0j
199274478715605.38,1.5409534242889265 - 0.0j,0.1926191780361158 - 0.0j,0.02568255707148211 - 0.0j
205828637904593.88,1.5413417539293466 - 0.0j,0.19266771924116832 - 0.0j,0.02568902923215578 - 0.0j
212598364099209.4,1.5417300835697667 - 0.0j,0.19271626044622084 - 0.0j,0.02569550139282945 - 0.0j
219590747321616.6,1.5421184132101873 - 0.0j,0.1927648016512734 - 0.0j,0.02570197355350312 - 0.0j
226813110785574.4,1.5425067428506072 - 0.0j,0.1928133428563259 - 0.0j,0.025708445714176787 - 0.0j
234273018566138.22,1.5428950724910275 - 0.0j,0.19286188406137844 - 0.0j,0.02571491787485046 - 0.0j
241978283521611.34,1.5432834021314477 - 0.0j,0.19291042526643096 - 0.0j,0.02572139003552413 - 0.0j
249936975476049.94,1.543671731771868 - 0.0j,0.1929589664714835 - 0.0j,0.025727862196197798 - 0.0j
258157429670900.47,1.5440600614122881 - 0.0j,0.19300750767653602 - 0.0j,0.02573433435687147 - 0.0j
266648255494603.4,1.5444483910527083 - 0.0j,0.19305604888158853 - 0.0j,0.02574080651754514 - 0.0j
275418345499314.34,1.5448367206931284 - 0.0j,0.19310459008664105 - 0.0j,0.02574727867821881 - 0.0j
284476884714196.8,1.5452250503335485 - 0.0j,0.19315313129169356 - 0.0j,0.02575375083889248 - 0.0j
293833360265013.94,1.5456133799739689 - 0.0j,0.1932016724967461 - 0.0j,0.025760222999566148 - 0.0j
303497571310126.0,1.546001709614389 - 0.0j,0.19325021370179862 - 0.0j,0.025766695160239817 - 0.0j
313479639303273.6,1.5463900392548091 - 0.0j,0.19329875490685114 - 0.0j,0.025773167320913486 - 0.0j
323790018593903.06,1.5467783688952292 - 0.0j,0.19334729611190365 - 0.0j,0.025779639481587156 - 0.0j
334439507376150.25,1.5471666985356494 - 0.0j,0.19339583731695617 - 0.0j,0.025786111642260825 - 0.0j
345439258997925.8,1.5475550281760697 - 0.0j,0.19344437852200871 - 0.0j,0.025792583802934494 - 0.0j
356800793641957.2,1.54794335781649 - 0.0j,0.19349291972706126 - 0.0j,0.02579905596360817 - 0.0j
368536010391033.5,1.54833168745691 - 0.0j,0.19354146093211375 - 0.0j,0.025805528124281833 - 0.0j
380657199690066.0,1.5487200170973303 - 0.0j,0.1935900021371663 - 0.0j,0.02581200028495551 - 0.0j
393177056218025.4,1.5491083467377507 - 0.0j,0.19363854334221883 - 0.0j,0.025818472445629178 - 0.0j
406108692183255.25,1.5494966763781708 - 0.0j,0.19368708454727135 - 0.0j,0.025824944606302847 - 0.0j
419465651056045.2,1.549885006018591 - 0.0j,0.19373562575232386 - 0.0j,0.025831416766976516 - 0.0j
433261921752894.5,1.550273335659011 - 0.0j,0.19378416695737638 - 0.0j,0.025837888927650186 - 0.0j
447511953287281.56,1.5506616652994312 - 0.0j,0.1938327081624289 - 0.0j,0.025844361088323855 - 0.0j
462230669902297.56,1.5510499949398515 - 0.0j,0.19388124936748144 - 0.0j,0.025850833248997524 - 0.0j
477433486701010.94,1.5514383245802716 - 0.0j,0.19392979057253396 - 0.0j,0.025857305409671193 - 0.0j
493136325790899.94,1.5518266542206918 - 0.0j,0.19397833177758647 - 0.0j,0.025863777570344863 - 0.0j
509355632959276.2,1.552214983861112 - 0.0j,0.194026872982639 - 0.0j,0.025870249731018535 - 0.0j
526108394897185.56,1.552603313501532 - 0.0j,0.1940754141876915 - 0.0j,0.025876721891692205 - 0.0j
543412156989773.9,1.5529916431419526 - 0.0j,0.19412395539274407 - 0.0j,0.025883194052365877 - 0.0j
561285041691811.2,1.5533799727823725 - 0.0j,0.19417249659779656 - 0.0j,0.025889666213039543 - 0.0j
579745767507568.0,1.5537683024227928 - 0.0j,0.1942210378028491 - 0.0j,0.025896138373713216 - 0.0j
598813668594940.8,1.554156632063213 - 0.0j,0.19426957900790162 - 0.0j,0.025902610534386885 - 0.0j
618508715014380.1,1.5545449617036333 - 0.0j,0.19431812021295417 - 0.0j,0.025909082695060554 - 0.0j
638851533643788.8,1.5549332913440534 - 0.0j,0.19436666141800668 - 0.0j,0.025915554855734223 - 0.0j
659863429781309.2,1.5553216209844736 - 0.0j,0.1944152026230592 - 0.0j,0.025922027016407893 - 0.0j
681566409458656.0,1.5557099506248937 - 0.0j,0.1944637438281117 - 0.0j,0.025928499177081565 - 0.0j
703983202488310.0,1.5560982802653138 - 0.0j,0.19451228503316423 - 0.0j,0.025934971337755235 - 0.0j
727137286268738.5,1.5564866099057342 - 0.0j,0.19456082623821677 - 0.0j,0.025941443498428904 - 0.0j
751052910372598.2,1.5568749395461543 - 0.0j,0.1946093674432693 - 0.0j,0.025947915659102573 - 0.0j
775755121943605.9,1.5572632691865744 - 0.0j,0.1946579086483218 - 0.0j,0.025954387819776242 - 0.0j
801269791928756.5,1.5576515988269946 - 0.0j,0.19470644985337432 - 0.0j,0.02596085998044991 - 0.0j
827623642173294.5,1.5580399284674151 - 0.0j,0.1947549910584269 - 0.0j,0.025967332141123584 - 0.0j
854844273406838.6,1.558428258107835 - 0.0j,0.19480353226347938 - 0.0j,0.02597380430179725 - 0.0j
882960194150004.5,1.5588165877482554 - 0.0j,0.19485207346853192 - 0.0j,0.025980276462470923 - 0.0j
912000850571738.6,1.5592049173886755 - 0.0j,0.19490061467358444 - 0.0j,0.025986748623144595 - 0.0j
941996657328662.9,1.5595932470290956 - 0.0j,0.19494915587863695 - 0.0j,0.025993220783818265 - 0.0j
972979029418760.4,1.5599815766695155 - 0.0j,0.19499769708368944 - 0.0j,0.025999692944491927 - 0.0j
1004980415082701.5,1.560369906309936 - 0.0j,0.195046238288742 - 0.0j,0.026006165105165603 - 0.0j
1038034329787294.1,1.5607582359503562 - 0.0j,0.19509477949379453 - 0.0j,0.026012637265839272 - 0.0j
1072175391326696.5,1.5611465655907764 - 0.0j,0.19514332069884704 - 0.0j,0.02601910942651294 - 0.0j
1107439356078048.9,1.5615348952311965 - 0.0j,0.19519186190389956 - 0.0j,0.02602558158718661 - 0.0j
1143863156449621.8,1.5619232248716168 - 0.0j,0.1952404031089521 - 0.0j,0.02603205374786028 - 0.0j
1181484939560594.5,1.562311554512037 - 0.0j,0.19528894431400462 - 0.0j,0.02603852590853395 - 0.0j
1220344107193013.5,1.562699884152457 - 0.0j,0.19533748551905714 - 0.0j,0.02604499806920762 - 0.0j
1260481357057818.8,1.5630882137928772 - 0.0j,0.19538602672410965 - 0.0j,0.026051470229881288 - 0.0j
1301938725418071.8,1.5634765434332973 - 0.0j,0.19543456792916217 - 0.0j,0.026057942390554957 - 0.0j
1344759631114063.5,1.5638648730737177 - 0.0j,0.1954831091342147 - 0.0j,0.026064414551228626 - 0.0j
1388988921036466.2,1.5642532027141378 - 0.0j,0.19553165033926723 - 0.0j,0.0260708867119023 - 0.0j
1434672917095021.8,1.5646415323545582 - 0.0j,0.19558019154431977 - 0.0j,0.02607735887257597 - 0.0j
1481859464732117.2,1.565029861994978 - 0.0j,0.19562873274937226 - 0.0j,0.026083831033249637 - 0.0j
1530597983031923.2,1.5654181916353986 - 0.0j,0.19567727395442483 - 0.0j,0.02609030319392331 - 0.0j
1580939516477622.8,1.5658065212758188 - 0.0j,0.19572581515947735 - 0.0j,0.02609677535459698 - 0.0j
1632936788410997.8,1.566194850916239 - 0.0j,0.19577435636452986 - 0.0j,0.02610324751527065 - 0.0j
1686644256250252.8,1.566583180556659 - 0.0j,0.19582289756958238 - 0.0j,0.026109719675944318 - 0.0j
1742118168523955.2,1.5669715101970791 - 0.0j,0.1958714387746349 - 0.0j,0.026116191836617987 - 0.0j
1799416623780890.0,1.5673598398374995 - 0.0j,0.19591997997968744 - 0.0j,0.026122663997291656 - 0.0j
1858599631437405.2,1.5677481694779196 - 0.0j,0.19596852118473995 - 0.0j,0.02612913615796533 - 0.0j
1919729174626029.2,1.5681364991183397 - 0.0j,0.19601706238979247 - 0.0j,0.026135608318639 - 0.0j
1982869275111264.2,1.5685248287587599 - 0.0j,0.19606560359484498 - 0.0j,0.026142080479312668 - 0.0j
2048086060340349.0,1.56891315839918 - 0.0j,0.1961141447998975 - 0.0j,0.026148552639986337 - 0.0j
2115447832699449.2,1.5693014880396003 - 0.0j,0.19616268600495004 - 0.0j,0.026155024800660006 - 0.0j
2185025141047610.2,1.5696898176800207 - 0.0j,0.1962112272100026 - 0.0j,0.02616149696133368 - 0.0j
2256890854603465.5,1.5700781473204406 - 0.0j,0.19625976841505507 - 0.0j,0.026167969122007344 - 0.0j
2331120239262170.0,1.570466476960861 - 0.0j,0.19630830962010762 - 0.0j,0.026174441282681017 - 0.0j
2407791036422322.0,1.5708548066012813 - 0.0j,0.19635685082516016 - 0.0j,0.026180913443354686 - 0.0j
2486983544405511.5,1.5712431362417014 - 0.0j,0.19640539203021268 - 0.0j,0.02618738560402836 - 0.0j
2568780702553853.0,1.5716314658821215 - 0.0j,0.1964539332352652 - 0.0j,0.02619385776470203 - 0.0j
2653268178093405.5,1.5720197955225417 - 0.0j,0.1965024744403177 - 0.0j,0.026200329925375698 - 0.0j
2740534455854542.5,1.5724081251629618 - 0.0j,0.19655101564537023 - 0.0j,0.026206802086049367 - 0.0j
2830670930943333.5,1.5727964548033821 - 0.0j,0.19659955685042277 - 0.0j,0.026213274246723036 - 0.0j
2923772004460742.5,1.5731847844438023 - 0.0j,0.19664809805547528 - 0.0j,0.026219746407396705 - 0.0j
3019935182370202.5,1.5735731140842224 - 0.0j,0.1966966392605278 - 0.0j,0.026226218568070375 - 0.0j
3119261177616848.0,1.5739614437246425 - 0.0j,0.19674518046558032 - 0.0j,0.026232690728744044 - 0.0j
3221854015605446.5,1.5743497733650627 - 0.0j,0.19679372167063283 - 0.0j,0.026239162889417713 - 0.0j
3327821143147636.5,1.5747381030054832 - 0.0j,0.1968422628756854 - 0.0j,0.02624563505009139 - 0.0j
3437273540992329.0,1.5751264326459031 - 0.0j,0.1968908040807379 - 0.0j,0.02625210721076505 - 0.0j
3550325840057245.5,1.5755147622863235 - 0.0j,0.19693934528579043 - 0.0j,0.026258579371438728 - 0.0j
3667096441483450.0,1.5759030919267434 - 0.0j,0.19698788649084292 - 0.0j,0.026265051532112393 - 0.0j
3787707640638360.5,1.576291421567164 - 0.0j,0.1970364276958955 - 0.0j,0.026271523692786066 - 0.0j
3912285755197231.5,1.576679751207584 - 0.0j,0.197084968900948 - 0.0j,0.026277995853459735 - 0.0j
4040961257437399.0,1.5770680808480042 - 0.0j,0.19713351010600053 - 0.0j,0.026284468014133405 - 0.0j
4173868910883468.5,1.5774564104884243 - 0.0j,0.19718205131105304 - 0.0j,0.026290940174807074 - 0.0j
4311147911447017.0,1.5778447401288445 - 0.0j,0.19723059251610556 - 0.0j,0.026297412335480743 - 0.0j
4452942033208229.5,1.5782330697692648 - 0.0j,0.1972791337211581 - 0.0j,0.026303884496154412 - 0.0j
4599399778992308.0,1.578621399409685 - 0.0j,0.19732767492621062 - 0.0j,0.02631035665682808 - 0.0j
4750674535898514.0,1.579009729050105 - 0.0j,0.19737621613126313 - 0.0j,0.02631682881750175 - 0.0j
4906924735944420.0,1.5793980586905252 - 0.0j,0.19742475733631565 - 0.0j,0.026323300978175423 - 0.0j
5068314021993756.0,1.5797863883309453 - 0.0j,0.19747329854136816 - 0.0j,0.026329773138849093 - 0.0j
5235011419141847.0,1.5801747179713657 - 0.0j,0.1975218397464207 - 0.0j,0.026336245299522762 - 0.0j
5407191511737625.0,1.580563047611786 - 0.0j,0.19757038095147325 - 0.0j,0.026342717460196435 - 0.0j
5585034626228234.0,1.580951377252206 - 0.0j,0.19761892215652574 - 0.0j,0.0263491896208701 - 0.0j
5768727020017198.0,1.5813397068926263 - 0.0j,0.19766746336157828 - 0.0j,0.026355661781543773 - 0.0j
5958461076534146.0,1.5817280365330462 - 0.0j,0.19771600456663077 - 0.0j,0.02636213394221744 - 0.0j
6154435506720616.0,1.5821163661734667 - 0.0j,0.19776454577168334 - 0.0j,0.02636860610289111 - 0.0j
6356855557142540.0,1.5825046958138869 - 0.0j,0.19781308697673586 - 0.0j,0.02637507826356478 - 0.0j
6565933224947553.0,1.582893025454307 - 0.0j,0.19786162818178837 - 0.0j,0.026381550424238454 - 0.0j
6781887479892518.0,1.5832813550947271 - 0.0j,0.1979101693868409 - 0.0j,0.026388022584912123 - 0.0j
7004944493673323.0,1.5836696847351475 - 0.0j,0.19795871059189343 - 0.0j,0.026394494745585792 - 0.0j
7235337876797341.0,1.5840580143755676 - 0.0j,0.19800725179694595 - 0.0j,0.02640096690625946 - 0.0j
7473308923246955.0,1.5844463440159877 - 0.0j,0.19805579300199846 - 0.0j,0.02640743906693313 - 0.0j
7719106863189644.0,1.584834673656408 - 0.0j,0.198104334207051 - 0.0j,0.026413911227606803 - 0.0j
7972989124000179.0,1.585223003296828 - 0.0j,0.1981528754121035 - 0.0j,0.02642038338828047 - 0.0j
8235221599867575.0,1.5856113329372485 - 0.0j,0.19820141661715607 - 0.0j,0.02642685554895414 - 0.0j
8506078930269423.0,1.5859996625776684 - 0.0j,0.19824995782220856 - 0.0j,0.026433327709627807 - 0.0j
8785844787605579.0,1.5863879922180888 - 0.0j,0.1982984990272611 - 0.0j,0.026439799870301484 - 0.0j
9074812174291860.0,1.5867763218585087 - 0.0j,0.1983470402323136 - 0.0j,0.026446272030975146 - 0.0j
9373283729625162.0,1.5871646514989293 - 0.0j,0.19839558143736616 - 0.0j,0.026452744191648822 - 0.0j
9681572046741750.0,1.5875529811393494 - 0.0j,0.19844412264241867 - 0.0j,0.02645921635232249 - 0.0j
1e+16,1.5879413107797695 - 0.0j,0.1984926638474712 - 0.0j,0.02646568851299616 - 0.0j
