frequency,amplitude,phase,power_spectral_density
0.00010002302850208252,-0.5608240640317643,-2.4186834925256155,0.3145236307971045
0.00010188442711553237,-0.30593586233821884,0.6852852771057627,0.0935967518646296
0.00010378046579987431,0.2003098085441167,-2.303472507305873,0.040124019398980686
0.00010571178919645636,-0.1660382430451707,-1.6299234883635934,0.027568698153527176
0.00010767905394320905,-0.01362254252656978,-1.0861173447126369,0.0001855736648882022
0.00010968292889789809,-0.1806677328558388,2.2565274063855707,0.03264082969526873
0.00011172409536553225,-0.30174946160025656,1.0435755866038416,0.0910527375760447
0.0001138032473300022,-0.44786925031940855,0.2586298074300899,0.20058686538166903
0.00011592109169003122,-0.6619062372232386,-2.959293418261564,0.43811986687502624
0.0001180783484995161,-0.6337502574032245,1.468683860766534,0.40163938875865335
0.0001202757512123411,-0.8354765260354949,-0.6600485007137902,0.698021025556339
0.00012251404693174763,-0.7460010821109121,1.8978180178435666,0.5565176145106518
0.00012479399666434483,-0.74191753430554,-1.543017573750911,0.550441627710012
0.00012711637557884692,-0.7871184535236777,-2.7841740554234344,0.6195554598775059
0.00012948197326962578,-1.0057698615789108,2.303721353395219,1.0115730144604613
0.0001318915940251681,-1.1338351637989577,-1.752826514188454,1.2855821786670092
0.00013434605710152883,-0.9119926426086232,-0.5969689040564807,0.83173058017226
0.00013684619700087247,-0.7608998779262199,-1.1554999512368662,0.5789686242281364
0.000139392863755199,-0.9983243241911613,-2.659906703363399,0.996651456271739
0.0001419869232153495,-0.9502395344307144,2.156544355845286,0.9029551727951008
0.00014462925734538997,-0.7330780132469774,2.19244932621028,0.5374033735061355
0.00014732076452247353,-1.1514628367259727,2.96230253535491,1.3258666643610242
0.00015006235984228326,-0.9845661020355955,-0.7201980873360561,0.9693704092775666
0.00015285497543015886,-1.135451391656365,2.8556331099703627,1.2892498628143763
0.00015569956075801332,-0.961779087974834,-0.3408102702092153,0.9250190140657035
0.00015859708296714822,-1.1393675719248337,1.0664114379646348,1.2981584639538912
0.00016154852719707467,-1.585061574665083,-2.623229553491041,2.512420195479752
0.0001645548969204553,-1.975703693961057,2.495043963241854,3.9034050863313663
0.00016761721428427859,-1.9216972842191045,-1.2691814365740777,3.6929204521750814
0.00017073652045738238,-1.8135980135708127,-1.4934828462498613,3.289137754827998
0.0001739138759844449,-2.0111985990897927,-3.1093627462755404,4.044919804980744
0.0001771503611465633,-1.8025833588722813,0.2714494092430484,3.2493067656832757
0.0001804470763285425,-2.1979032615620415,-0.15333254826182996,4.83077874718506
0.000183805142393019,-2.169399214053738,0.8568610872034372,4.7062929499369766
0.00018722570106154796,-2.4400476139388956,3.004645189096598,5.9538323582888975
0.00019070991530278027,-2.559563543425943,2.56770383559578,6.55136553283517
0.00019425896972786544,-2.494422240254384,2.577067779436395,6.2221423126757
0.0001978740709932117,-2.6673349103478947,0.15868606162337606,7.114675523960612
0.0002015564482107419,-2.7127850717598236,-2.4880223161940966,7.359202845562952
0.00020530735336578366,-2.3947044623114984,-2.004872726811008,5.734609461814602
0.0002091280617427368,-2.495798428941539,2.846535660065287,6.229009797907054
0.00021301987235866193,-2.2265894794965395,-0.5532157211278284,4.957700710204671
0.00021698410840493822,-2.4752524499262485,2.293470209068043,6.126874690865895
0.0002210221176971403,-2.2863030486303337,1.0818217526348635,5.227181630176358
0.00022513527313328688,-1.8633869100386569,0.8091850204602244,3.4722107765034136
0.00022932497316061838,-2.469295598380002,-1.410205796884716,6.097420752178851
0.000233592642251059,-2.62654672566122,2.492836615899404,6.898747702081675
0.00023793973138552923,-2.4224606973173874,-1.841655828982925,5.868315830047443
0.00024236771854727,-2.4258908262777394,-0.6006395721520028,5.884946301018493
0.00024687810922434795,-2.2795778079375966,3.101207432238639,5.196474982441578
0.00025147243692151175,-2.390487909968417,1.481116935029866,5.71443244770517
0.0002561522636815744,-2.3191793393504287,-0.3451893258420258,5.378592808069891
0.000260919180616498,-2.3125089052812764,0.3811579349358212,5.347697437005207
0.00026577480844836157,-1.9609167231561653,-0.557598207063692,3.845194395153513
0.00027072079806039756,-1.8545024815415931,1.4262076160394628,3.439179454043927
0.0002757588310582803,-1.7285500960276459,-0.6333646454054649,2.987885434477184
0.0002808906203418626,-1.8005705023193288,1.069053598945656,3.24205413382248
0.00028611791068755066,-1.890957649900346,1.2862660995853554,3.5757208337166393
0.00029144247934151705,-1.9652488640000851,0.6883849733513232,3.8622030974536252
0.00029686613662395365,-1.8224671984428293,0.2515439571269886,3.321386689400055
0.0003023907265445692,-1.895195177364756,-1.8467421958549615,3.5917647603066287
0.00030801812742954073,-1.7811950805606882,-1.890224189917842,3.1726559150135967
0.000313750252560133,-1.2038795052586304,1.8581820901741386,1.4493258631817647
0.0003195890508232031,-0.9520618362692493,-1.317378010107939,0.9064217400803749
0.00032553650737380814,-1.0174336116769929,0.9799433482490176,1.0351711541700899
0.00033159464431014674,-0.6833019845298977,-1.2590449300545745,0.4669016020624965
0.0003377655213610596,-0.7754554056449438,-2.2338082290783436,0.6013310861439642
0.00034405123658632443,-1.2908682785483057,-0.6034580588808702,1.6663409125622661
0.00035045392708998337,-1.52752272757009,-1.1921117212543046,2.3333256832431672
0.00035697576974694483,-1.9844978101618633,-1.6122778138965934,3.9382315585372307
0.00036361898194310746,-2.036311606368183,0.5535740263342324,4.146564958229771
0.0003703858223292573,-1.9906937154064246,-1.6000555313547664,3.962861468558635
0.00037727859158899675,-1.5136900787767966,1.5567886675678144,2.2912576545873047
0.00038429963322095863,-1.3980804468712185,1.3832221832224914,1.954628935923626
0.0003914513343355863,-1.42719019481088,1.226860210319388,2.036871852164318
0.0003987361264667322,-1.1823622515867105,-2.4960407368397837,1.3979804939771956
0.00040615648639836626,-1.7352810717319709,2.7874875864090125,3.0112003979112574
0.00041371493700666635,-1.6392897472463477,0.020983532323300302,2.6872708754269943
0.0004214140481177808,-1.4056809211213863,2.511223412876614,1.975938852004669
0.0004292564373815531,-1.7633174779104157,-1.8938784413981253,3.1092885279043494
0.0004372447711615063,-1.4301258750033492,0.5934417428926237,2.045260018354095
0.00044538176544139176,-1.3135637497195405,2.9242483622298714,1.7254497245772595
0.0004536701867486025,-1.3959173045803916,3.133413491334296,1.948585121226986
0.000462112853094781,-1.2033967636693246,-2.9897367042173015,1.4481637708098043
0.0004707126349339209,-0.587633916371179,-0.11747462052679092,0.3453136196697298
0.00047947245613830567,-0.5287858739565554,-1.3105298916538235,0.2796145004959981
0.0004883952949926066,-0.45383660034440004,-2.741224514973309,0.2059676598121627
0.0004974841852064812,-0.5649160458138943,0.4374630004602378,0.31913013881800595
0.000506742216946015,-0.7756562466231968,-3.1096534338554807,0.6016426129255854
0.0005161725378843589,-0.5441395430632971,0.6991777164330388,0.2960878423251338
0.0005257783542719209,-0.756997256256072,2.32591881749377,0.573044845979221
0.0005355629320264654,-0.7237866929296901,2.410239088536506,0.5238671768620975
0.0005455295978435122,-0.8344914439733818,2.854573501582771,0.6963759700647798
0.0005556817403273866,-0.6935940827195993,1.5071088283131608,0.4810727515836424
0.0005660228111433263,-0.5934213983392013,-1.9810069126716718,0.352148956006853
0.0005765563261910259,-0.3117278171752043,-0.41042821318768796,0.09717423200081761
0.0005872858668000205,-0.4391888929974341,2.4246780404744124,0.1928868837323116
0.0005982150809473155,-0.5015432374048804,-1.539089612339394,0.2515456189865682
0.0006093476844976763,-0.7475518011219774,-0.3561768435824515,0.5588336953607125
0.000620687462466999,-0.8493632402347342,0.7347366883438626,0.7214179138620468
0.0006322382703091917,-0.7349647410185258,-2.492209675780055,0.5401731705404287
0.0006440040352270072,-0.5238671388331875,-0.06214283225389261,0.2744367791492701
0.0006559887575072639,-0.7548472670607783,-2.8607066090392648,0.569794396589126
0.0006681965118809208,-0.5140739979794794,-1.1835795171129797,0.26427207539860575
0.0006806314489084602,-0.1513701851902894,1.5836120542011596,0.022912932964542512
0.0006932977963910521,-0.04157131995889523,1.3540206941837587,0.0017281746431248408
0.0007061998608079806,0.4476102084983758,2.7743671367050506,0.20035489875195944
0.0007193420287808198,0.23591470787257335,1.739784899730644,0.05565574939060162
0.0007327287685648581,-0.09439722751516444,-1.7892720105362234,0.008910836562549719
0.000746364631568276,-0.5574638618845805,2.5445089719860103,0.3107659573072707
0.0007602542538996009,-0.1574708889313278,0.3283853205943248,0.024797080860822576
0.0007744023579439464,0.015091504861435089,2.1670573397001798,0.00022775351898271891
0.0007888137539686043,-0.0009201060660237238,2.654579716880656,8.465951727336532e-07
0.0008034933417584977,0.07085472692063625,2.066924674461421,0.005020392326997936
0.0008184461122820808,-0.2253090814450922,-0.6647735846896321,0.050764182181631194
0.0008336771493882365,0.4155978779952165,0.6169342571121605,0.1727215961941269
0.0008491916315347532,0.43973108258116905,-0.4228704376309569,0.1933634249880069
0.0008649948335489684,0.4581955258768843,1.2198624307562422,0.20994313993359454
0.0008810921284211759,0.636999469583389,-0.0962176235238359,0.405768324249519
0.0008974889891314143,0.7484228285361818,-2.335709159905175,0.5601367302740989
0.0009141909905102352,0.7905773223515262,0.9071065831141336,0.625012502616509
0.0009312038111341245,0.5673786910539463,-1.8553855638580041,0.3219185790620895
0.0009485332352561724,0.6776478334992351,1.5391110120330502,0.459206586246207
0.0009661851547726883,1.1535366270494039,-2.477980174135732,1.3306467499445154
0.000984165571226408,1.4800713541431527,-3.0956657500207077,2.1906112133551456
0.0010024805978469805,1.8647499604098037,-1.0399363364510918,3.4772924148483644
0.0010211364616294282,1.693075236470711,2.9484192869844446,2.8665037563503537
0.001040139505451286,1.4000619453629708,1.2627674989476256,1.9601734508535462
0.0010594961902291443,1.3381029269620814,-0.5423297799605638,1.7905194431444895
0.0010792130971153096,1.3247032699679568,-2.3828843899949534,1.7548387534637975
0.001099296929735371,1.582362565600836,-2.762317318630828,2.50387128901486
0.0011197545164673742,1.1082756324978207,1.4213298648862045,1.2282748775884444
0.0011405928127634435,1.4837511156888823,2.5475236674199184,2.201517373308003
0.0011618189035145802,1.411748544701789,-3.0408988415046374,1.9930339534676191
0.0011834400054594873,1.2710659739258994,0.5286724312734936,1.6156087100721952
0.001205463469638214,0.9805691740743826,1.4363616094321152,0.9615159051449168
0.001227896783891463,0.5282180463210866,-1.3056613366008218,0.27901430445926556
0.0012507475754064154,0.7309867525643001,0.14324164794605476,0.5343416324245014
0.0012740236133099133,0.7342019503194179,1.9782727456276596,0.539052503852837
0.001297732811309934,0.3818578944564756,0.6052402665322618,0.14581545155873288
0.0013218832303861796,0.03514391158911447,-0.7630593067933087,0.0012350945217834946
0.001346483081530781,-0.05457732517860994,-2.6542825896466997,0.0029786844236517306
0.0013715407285399682,0.3802326792569807,-0.08227092111335388,0.14457689037494195
0.0013970646908577173,0.30351361340688315,-0.19984358206022002,0.09212051352330292
0.0014230636464723052,-0.09596949256672684,-2.000976137365517,0.009210143503515037
0.0014495464348667712,-0.15968272255918095,-2.700915580665071,0.025498571883912358
0.0014765220600242933,-0.22919220865110473,0.05278461342891383,0.052529068506371526
0.0015039996934894705,-0.929476651470934,-1.0565067091358507,0.86392684562962
0.0015319886774866124,-0.926847277115553,-1.7938631003640138,0.8590458750965148
0.001560498528096014,-0.9703690677334551,-2.546845846638395,0.9416161276138948
0.0015895389384893864,-0.7713061990483872,2.1232801325849957,0.5949132526904702
0.0016191197822254574,-0.275628656506784,-0.9103551971714645,0.07597115628773471
0.0016492511166069288,0.021836096320897284,2.053251164393486,0.0004768151025355039
0.001679943186099894,-0.050489596054562956,-2.9784669050105954,0.0025491993097529393
0.0017112064258168935,-0.3398283802863348,-3.1275209753255497,0.11548332804803377
0.0017430514650647875,0.3361054669513275,2.6666953791646275,0.1129668849145699
0.001775489130958653,0.34305023021587727,1.0928548471610684,0.1176834604511664
0.0018085304521029443,0.33803396130913754,3.109011699501565,0.1142669589983475
0.0018421866623411294,0.32317977225803385,-0.12877374815495646,0.10444516519675462
0.0018764692045751528,0.36654923551291074,-2.1417022734204756,0.1343583420550993
0.0019113897346559315,0.3197503600973817,2.8417782319035485,0.10224029278240529
0.0019469601253462787,0.1619191090289927,-2.0981429792142468,0.026217797868742825
0.0019831924703575705,0.014185365817121692,-0.8213046382195772,0.00020122460336556455
0.0020200990884615294,0.0034158825527406773,2.7304209057419078,1.1668253614118166e-05
0.0020576925276785322,-0.14032351991278377,-2.628626265998498,0.019690690240713425
0.0020959855695438564,-0.3254179512213616,-0.28926456503167364,0.10589684297710847
0.002134991233453331,-0.293238393040799,2.4334185551301637,0.08598875515315013
0.00217472278108983,-0.35596324402992124,-1.1347114717642661,0.12670983110030526
0.0022151937209321923,0.04119785935720475,2.906965556505365,0.0016972636156160229
0.0022564178128479844,-0.6529776279331301,3.1250842147033273,0.42637978258117726
0.0022984090727718063,-0.35754851115762976,-0.0878670537556232,0.1278409378310377
0.002341181777470594,-0.02768907096205706,-1.122858065820811,0.0007666846507418314
0.0023847504693976446,-0.5699723520648932,2.974704956593664,0.32486848211838654
0.0024291299616369566,-0.6502498137611019,3.133540979754099,0.4228248202963477
0.0024743353429395845,-0.7364692235809511,-0.3442362442750042,0.542386917281929
0.0025203819828537324,-1.0911840440825222,-2.860447157430171,1.1906826180602879
0.002567285536950277,-1.274717991089319,-0.33262477101964727,1.624905956806789
0.002615061952145603,-1.5414356428545326,1.3205672140242743,2.3760238410623664
0.0026637274721234114,-1.0564058857597722,0.7921295134217048,1.115993395467889
0.0027132986428575145,-0.7939597798380167,1.072224128864903,0.630372132000432
0.0027637923182373316,-0.4491658065249726,2.9651536463696795,0.20174992175122913
0.0028152256657981204,-0.2546197934802798,1.017695320919529,0.06483123923194034
0.002867616172557831,-0.546551463540791,-2.5669940857975235,0.2987185022985806
0.0029209816509625773,-0.6750990045785227,0.563796564947515,0.4557586659829122
0.0029753402449427756,-0.5367542227820912,-1.812189982859663,0.2881050956744068
0.003030710436081933,-0.8474771313195457,1.8540148943359434,0.7182174881096065
0.0030871110499003174,-0.6474829392438298,-0.9405552530386374,0.419234156611829
0.0031445612622554675,-0.7000764347304751,0.015308840528751588,0.49010701446493316
0.0032030806058619106,-0.7867385562344885,1.278874172409897,0.6189575558659275
0.003262688976932132,-0.5885963702282792,-2.063224161956822,0.34644568704590545
0.003323406641941177,-0.46395901402232737,0.6349751956735434,0.21525796669257016
0.003385254244517123,-0.5517973398559615,-2.1360655387539373,0.3044803042721154
0.0034482528124597863,-0.24149920410615053,2.0519526129768186,0.058321865583904155
0.0035124237648900417,-0.5215838868600157,-1.0511666697708817,0.27204975103200163
0.0035777889195321862,-0.35364789159357135,0.29340707683600087,0.1250668312285784
0.0036443705001318496,-0.19502523705123076,2.0779160120172158,0.03803484308688875
0.003712191144011887,-0.2749494570676413,2.947235272918519,0.07559720394179072
0.0037812739097689814,-0.18756273981687413,-1.0836296941255674,0.03517978136761242
0.0038516422851133806,-0.5132216049012157,-2.5863235686661836,0.26339641573737954
0.003923320194854592,-0.2652770921900789,2.9121880525694017,0.07037193564082361
0.003996332009035664,-0.31144019708440907,3.0743842081168475,0.09699499635997556
0.004070702551218851,-0.4448131906017083,2.633138995965849,0.1978587745332717
0.004146457106925468,-0.1657347687689138,2.202166538119795,0.027468013578885325
0.004223621432232806,-0.3494195195088161,-0.0396296674741925,0.12209400061377193
0.004302221762531064,-0.7131077670710386,-0.19718798086148492,0.5085226874570427
0.004382284821443161,-1.1082729986962194,0.37041140510831694,1.2282690396391103
0.004463837829910678,-0.9317310720905139,-2.469906290579735,0.8681227906989384
0.004546908515448732,-1.2506420778565064,2.505339033871077,1.5641056069052397
0.004631525121573225,-0.7718232216206017,0.7234912422549562,0.5957110854328044
0.004717716417403415,-1.3029986709528862,3.0916150315547206,1.697805536504988
0.004805511707443263,-0.8384552781968706,1.209993191189998,0.7030072535361916
0.0048949408415447735,-0.7705020838330834,-0.9127278448367901,0.5936734611911239
0.004986034225056754,-0.7841839430448869,-2.051690220181449,0.6149444565294264
0.0050788228291624715,-0.9145159463168021,-2.851510191734282,0.8363394160677161
0.005173338201409605,-0.7961433510323377,-1.088312380440529,0.633844235393
0.0052696124764362905,-0.7940548293248691,-0.9060703418067511,0.630523071974147
0.005367678386896618,-0.4945431180244709,-0.12951397869121406,0.24457289558536574
0.0054675692745896065,-0.4589160739736881,0.9988890179244416,0.21060396295142358
0.005569319101795151,-0.4146289188124529,-2.6016018114552875,0.17191714031558367
0.005672962462821011,-0.5052680959568968,-1.2789699408259942,0.25529584879190786
0.005778534595764658,-0.5141883428980373,-1.8634473954546158,0.2643896519722296
0.0058860713944940005,-0.4278629259077187,0.9560478254521039,0.18306668336631396
0.0059956094208511055,-0.869496236574298,0.4847877667522926,0.7560237054168676
0.006107185917082932,-1.2080439089317134,1.1422965123377997,1.459370085907014
0.006220838818503554,-0.9945767352203606,-1.778581445721643,0.9891828822415913
0.006336606766391833,-0.9346494424932218,-3.0016676980238373,0.8735695803528903
0.006454529121129303,-0.9684922771595007,-2.896710696689115,0.9379772909175951
0.006574645975582392,-0.9489363233592035,-0.27197528101876234,0.9004801457904829
0.006696998168733771,-0.8439925300588794,2.372594216836621,0.7123233907951885
0.006821627299567354,-0.9725629281873592,0.24603185501375613,0.9458786492843705
0.0069485757412116825,-1.1608458010005256,0.16017902222677582,1.347562973700552
0.007077886655346562,-1.0914390841926394,0.2778818857253378,1.1912392745032674
0.007209604006877687,-1.3296554477350693,0.10316347994232489,1.7679836096915476
0.007343772578884542,-1.2016400065658113,2.427523468753204,1.443938705379483
0.007480437987846253,-1.6266449501541917,-0.5642652354293536,2.645973793862133
0.007619646699151017,-1.3309731429766636,2.0076147224671876,1.7714895073251782
0.007761446042893965,-1.1863499544653615,2.0873810006085787,1.4074262144599654
0.007905884229969132,-1.1011255604395238,0.5917566228876088,1.2124774998532555
0.008053010368460862,-0.8281653743357427,-1.8949038930580835,0.6858578872486608
0.00820287448034024,-0.3826234464892219,1.7297878015229493,0.14640070180329046
0.00835552751847226,-0.11573446623021728,-3.10746674904813,0.013394466673593305
0.008511021383939468,-0.5987096379034268,-2.8101776028931664,0.3584532305184524
0.008669408943688051,-0.9258092984869293,0.5098799738959654,0.8571228571648601
0.008830744048502176,-1.0757558670547072,-1.558396781987417,1.1572506855026248
0.008995081551313053,-1.0530641422530633,-1.4817514180489846,1.10894408769918
0.009162477325848444,-0.9027025331193301,-2.8650492177948457,0.8148718633000553
0.009332988285629519,-1.0796094520768469,2.4932990398915003,1.1655565690136696
0.009506672403321004,-1.0151299841402035,0.3609597836445526,1.0304888847004898
0.009683588730441567,-1.1976664215515764,-2.993295700156539,1.4344048573121584
0.009863797417440954,-1.3391409674673704,0.4565009175118724,1.793298530749445
0.010047359734150775,-1.6852269636029429,1.275554351763165,2.8399899188543944
0.010234338090615865,-1.8984785755713753,1.349349041585171,3.6042209019035183
0.01042479605831329,-2.219313584795805,-0.3390899605487965,4.925352787659207
0.010618798391766307,-2.4358885983163443,-0.47080440134548374,5.933553263407565
0.010816411050560436,-2.1190514477041584,-1.403079387473334,4.49037903801709
0.011017701221769335,-2.3308930453907806,2.7923703392718373,5.433062389051107
0.011222737342797997,-1.6046453890178813,1.8187176740447413,2.574886824496348
0.011431589124651023,-1.4506445225216509,3.090687746996444,2.1043695307220687
0.011644327575633946,-1.3802116504193143,2.5629595699630823,1.9049841999532073
0.011861025025495601,-1.5832760124400425,-0.5816436708981638,2.5067629315680415
0.012081755150019793,-1.3759621414863317,-0.3973210817311861,1.8932718148036518
0.012306592996074594,-1.5055500978855865,0.7763841773626652,2.266681097243299
0.012535615007127859,-1.4507351250782743,-1.1040319027272885,2.1046324031358763
0.012768899049237453,-0.7613324580327271,-2.9368479997888333,0.5796271116541541
0.013006524437525278,-0.7782688684142057,-2.108529166663544,0.6057024315427283
0.013248571963143912,-0.47020477832360635,0.3537533785817115,0.2210925335583518
0.013495123920745089,-0.6513513241562091,0.232759997546363,0.424258547480047
0.013746264136459371,-0.6547411162603576,2.964467746971957,0.42868592932185906
0.014002077996396517,-0.1872521658436575,0.19859618157643544,0.035063373613140617
0.014262652475676221,-0.35432364925246124,1.0522512304162026,0.12554524841958117
0.014528076167999115,0.11795545035167887,-1.4371873346818218,0.01391348826766738
0.01479843931576806,0.2927676729637748,-0.6724684664451668,0.0857129103326238
0.015073833840770058,0.1328451674986108,-2.7003320959145944,0.01764783852773396
0.015354353375429007,0.28761324629756196,-0.35280918157677466,0.08272137944582204
0.015640093294640185,0.5279638761129637,-1.8924173708986396,0.2787458544802249
0.015931150748197127,0.6720499780679037,-2.748292140411437,0.45165117302106983
0.016227624693821933,0.24164384163517286,1.8429493364155016,0.0583917462002045
0.01652961593081028,0.03955462195610434,-2.258926832137632,0.0015645681180903315
0.016837227134302565,-0.03352133985122302,2.470299488379575,0.0011236802254211925
0.017150562890192806,-0.06007200373205616,-1.9946884301010783,0.003608645632384169
0.01746972973068717,0.09510332392302069,1.953457072123527,0.009044642221207
0.01779483617052435,0.13164333909917725,2.3676944952360284,0.01732996872918097
0.018125992743869775,-0.22713592626088405,-3.0858864998346855,0.051590728998389755
0.018463312041896617,-0.1315237488964037,0.7379668766155971,0.017298496523764254
0.018806908751066075,0.022213522430394178,1.9466161988438113,0.0004934405787656253
0.019156899692120047,0.15960639773976937,2.6889712337027936,0.025474202199465456
0.01951340385979947,0.4300805563313788,0.5219475433978311,0.1849692849343083
0.019876542463301776,0.630781167865572,1.7812915218440546,0.39788488173385494
0.020246438967491277,0.7297468639226338,0.029399123983441466,0.532530485404919
0.020623219134876435,0.6886798415948517,0.49446170717985405,0.4742799242191101
0.02100701106836833,0.23356744673119564,-1.6609371196558564,0.05455375217252992
0.021397945254834926,0.33255876347358243,-0.4514273850501582,0.11059533116307814
0.021796154609465657,0.37167110893133837,0.9431002231809549,0.1381394132142508
0.02220177452096187,0.4266225104484432,-1.366964490641626,0.182006766421332
0.022614942897568106,0.07669660908455164,-0.38639515382467415,0.005882369845068529
0.023035800213960046,-0.21532400533187257,2.7954054456920803,0.04636442727216029
0.023464489559005024,0.05489811852916006,-2.469981115811705,0.003013803418041707
0.02390115668441136,0.03478058470354686,-0.6243898235191625,0.001209689072320598
0.024345950054283028,0.20303125257597823,1.8524582883628762,0.041221689522570666
0.02479902089559649,0.19757558287201343,-2.495680319963139,0.039036110947215846
0.025260523249617056,0.19255251591769473,0.33671259631338435,0.037076471386234086
0.025730614024271774,0.4244872409645614,-0.9368266900789992,0.18018941774170563
0.026209453047497267,0.2725512798647455,0.17922202493870643,0.0742842001559108
0.026697203121580203,0.2832042702898729,-1.0781902449288827,0.08020465871041937
0.027194030078509065,0.14798991266447903,-2.6602439381577,0.02190101425044013
0.02770010283635599,0.022645801955076653,2.480124533012601,0.0005128323461885536
0.02821559345670786,-0.0675902481417942,3.0383917713085022,0.004568441643869315
0.028740677203166178,-0.017550765996125574,-0.4649882753088237,0.0003080293870507577
0.029275532600935596,-0.15131951003044794,1.289437497647449,0.022897594115854836
0.029820341497521344,0.16979497386088205,-0.49377592836354633,0.028830333148417618
0.03037528912455637,-0.07623104394485718,1.654358673112827,0.005811172060922746
0.030940564160778755,-0.13289093054290504,1.8696132961850322,0.01765999942055921
0.03151635879618145,-0.2544218918510725,-1.2065022780754695,0.06473049905307883
0.03210286879735561,0.11837462289358092,-2.8687537861711356,0.014012551345197492
0.03270029357405008,0.1576752477477546,3.1124154171391254,0.024861483752315793
0.03330883624696937,0.41395762085069066,1.280402716989606,0.17136091186036415
0.03392870371683353,0.008677674763393279,1.3972901301323954,7.53020392992326e-05
0.03456010673472305,0.06838129522485882,0.950307930192241,0.0046760015366293
0.0352032599737329,0.2891942681027241,-2.730096022214904,0.08363332470347026
0.03585838210196017,0.29506147904647767,-2.81470463633512,0.08706127641709498
0.036525695856849665,0.5571433736395222,-0.06368501047805575,0.3104087387904282
0.03720542812092339,0.40126781903280084,1.9222970657394445,0.1610158625913406
0.037897809998919146,0.7508241198748984,3.010385893556606,0.5637368589859157
0.03860307689636472,1.3253796489754857,0.5155636919155042,1.7566312139183815
0.03932146859961429,1.194453390841929,-2.5548088872001227,1.4267189028937821
0.040053229357374286,1.0445343835854002,-0.9429483045272486,1.091052078492132
0.04079860796374645,1.3927072665165654,2.782888574396967,1.9396335302080436
0.04155785784281625,1.76686561178139,0.9786925774127875,3.1218140900956253
0.042331237134815486,1.5853655390694206,-0.41816461390275084,2.5133838924688745
0.043119008783888496,1.434212484074775,2.899220866073442,2.056965449475937
0.0439214406274913,1.3221197753914615,1.6011134777868676,1.7480007004811686
0.044738805487454826,0.9351204780977392,-2.110288247265193,0.8744503085577444
0.045571381262742586,0.666784501587767,-2.2394590844444617,0.4446015715576469
0.046419451023934605,0.38143327311742126,0.9771187918989925,0.14549134184106927
0.04728330310946965,0.16331950715133625,3.0142978127833295,0.026673261416155374
0.0481632312236785,0.1406457920441471,1.9510163080553582,0.01978123881972547
0.04905953453664161,0.1884928302633575,1.3572339218701552,0.035529547060690905
0.04997251778590499,0.5785830187058998,1.6948311118458612,0.3347583095348316
0.0509024913800893,0.2962688529209427,-2.117961994681371,0.08777523321109117
0.05184977150442655,0.5365065312013897,-0.07069831767809731,0.28783925802174776
0.0528146802282613,0.45947564158980303,0.698423201105407,0.21111786521436113
0.053797545614552175,0.4268319488154926,-1.951830625625458,0.18218551252963128
0.05479870183141126,0.5836591359156799,-2.802488228762209,0.34065798693783805
0.05581848926571911,0.2686148182924229,-1.4982095177094614,0.07215392060627138
0.05685725463885428,0.3522453759088442,2.4354735156263114,0.12407680484916295
0.05791535112457632,0.37786485842173145,-2.882337801411091,0.14278185123007517
0.05899313846910271,0.4879440384192838,-1.3308878484907003,0.23808938462891951
0.0600909831134203,0.5427963293346985,-2.5512285761194913,0.2946278551392224
0.06120925831787315,1.1613678429598004,1.1362634849353164,1.3487752666610997
0.06234834428906837,0.9611211598293392,-1.5580917894502093,0.9237538838716942
0.0635086283091443,0.7926455712541272,-0.0323271570508501,0.6282870016287816
0.06469050486744389,0.6034466971445841,-1.2829066579316108,0.3641479162947074
0.06589437579463867,0.43560304471447614,2.3974115292856553,0.1897500125645219
0.06712065039934863,0.24968546501892466,1.391566200154288,0.06234283144171665
0.06836974560730465,0.5436622364520514,-1.9005236219489505,0.2955686273440462
0.06964208610310063,0.8921447048863205,0.7515454784034357,0.7959221744566999
0.07093810447458355,0.7144572277292911,-2.2927746486141944,0.5104491302546241
0.07225824135993093,0.4720383718347514,-1.2702627710518453,0.22282022448440303
0.07360294559746458,0.5743556143319954,-0.8548272639360932,0.3298843717146839
0.07497267437825322,0.4076869076409367,-0.5691947328361007,0.16620861466182962
0.07636789340155448,0.5533228455885596,2.734620676067525,0.30616617145022096
0.07778907703314966,0.5839105899730153,-2.8245889741683716,0.34095157708263474
0.07923670846662535,0.16569700744212118,1.9414237950651474,0.02745549827527436
0.08071127988765602,0.5544983921405032,0.7876682918640299,0.3074684668864033
0.08221329264134421,1.0003322228051947,2.00420543941701,1.0006645559823817
0.08374325740267473,0.8092260398983735,-1.4939558868063303,0.654846783649604
0.08530169435014087,0.6805689756619442,-3.029138845451754,0.46317413063354795
0.08688913334260219,0.7300680456131154,-2.6420155956021834,0.532999351225354
0.08850611409943271,0.791227523462958,-2.636659779780541,0.6260409938853257
0.09015318638402253,0.9356564305539169,-2.0777923500530124,0.8754529560368967
0.09183091019069384,1.4296602012767923,-2.0492602583610418,2.0439282911147982
0.09353985593509545,1.343542384058672,1.216168254651043,1.80510613776206
0.09528060464814067,1.0970893109920115,1.067955926993502,1.2036049562929265
0.09705374817355412,0.7039870956605444,-2.9421332409116414,0.4955978308565685
0.09885988936909494,0.4877148655216519,0.40116340890764857,0.237865790050803
0.10069964231152456,0.4576519913016817,2.7026567966642263,0.20944534514239455
0.10257363250538942,0.9047403133805523,0.46056039094581624,0.8185550346559399
0.10448249709568795,0.7400276480774365,-0.4384300845492657,0.5476409199190222
0.10642688508449638,0.7718774953836343,-2.200214123293681,0.5957948678797124
0.10840745755162522,0.7404325056102065,0.8608781613253846,0.5482402953642084
0.11042488787938237,1.023752416763162,-0.7096743421126521,1.048069010828415
0.11247986198151884,1.650480133480989,-1.2518926403884931,2.7240846710154236
0.1145730785364352,1.4674341517885805,-2.412286119844899,2.153362989835471
0.11670524922472786,1.2988046226073986,-1.2451798440890696,1.686893447706347
0.11887709897115604,1.533403214396164,-2.0752398146498203,2.351325417920488
0.12108936619111162,1.6688814663252431,-0.9675085687079794,2.785165348643894
0.12334280304167611,2.105409846591862,-1.9524745240387078,4.432750622125967
0.12563817567734883,2.2040140927507883,1.0344838136280128,4.8576781210440805
0.12797626451053506,2.0547168207701185,2.039253073441783,4.2218612135556635
0.13035786447688122,2.1560887961241217,1.6188685165313457,4.648718896771965
0.13278378530554819,2.3905469222852123,-0.5059842979282618,5.7147145876473004
0.13525485179451402,2.5452175476626024,-1.6106042819965776,6.478132364929632
0.13777190409100024,2.615168883813716,0.434232465371287,6.839108290867478
0.14033579797711662,2.8296231857140484,2.50168691037243,8.00676737313052
0.1429474051608216,3.0666138517287265,1.5165540486303488,9.404120515614496
0.14560761357229826,3.3544473934866006,1.212337748179202,11.252317315669048
0.14831732766584396,3.4453624177791613,-0.7872353339053673,11.870522189845069
0.15107746872738,3.3217800665749437,-2.0336983079066377,11.034222810694638
0.15388897518768285,3.28251758428648,-2.069146434443658,10.774921691149949
0.15675280294144464,3.520424187134893,3.0991981100840995,12.393386457364373
0.15966992567227165,3.226028417878549,-2.1109517913128366,10.407259352959974
0.1626413351837305,3.2466624718823227,2.1530724856668266,10.540817206329034
0.16566804173655525,3.0682260026666413,1.7473778947964629,9.414010803439716
0.16875107439212952,3.003424641069926,0.3945841357077282,9.020559574586013
0.17189148136236182,3.2658201022578472,2.5938945498085086,10.665580940311456
0.1750903303660698,3.2395254792934782,2.6123498506837093,10.49452533099164
0.17834870899199884,3.17607512170986,2.2133521102517673,10.087453178744301
0.1816677250685953,2.7472203211379593,-2.132740284045262,7.547219492873352
0.1850485070406612,2.876087283153472,-1.0759250485750531,8.27187806031712
0.18849220435301842,2.9761673843335386,-0.06953014297840276,8.857572299570737
0.19199998784131292,3.470086369139954,-0.6602255202166027,12.041499409290909
0.1955730501300914,3.3099316329355855,-2.5090202761196467,10.95564741470763
0.1992126060382864,3.2904047802410012,2.1864857528836703,10.826763617832832
0.20291989299224678,3.2792028157430217,-1.3115139746366755,10.753171106776962
0.2066961714464559,3.614587384813746,-1.1477968910820944,13.065241962454675
0.2105427253120771,3.507206689097219,1.7394348441542018,12.300498760048276
0.21446086239347625,3.4996225333229276,-1.0033520534005604,12.247357875741585
0.2184519148328669,3.5780102755035808,1.9720584070572773,12.80215753160921
0.22251723956323033,3.5450573991172973,-2.404523933079039,12.567431963036297
0.2266582187696644,3.347751724985416,1.709807227601713,11.207441612142828
0.23087626035931774,3.3214414453344525,-0.8521305409561641,11.031973274785416
0.23517279844006955,3.5250681789449962,-1.4571751932662567,12.426105666210592
0.23954929380811701,3.1770971348380384,0.5788121465583833,10.093946204196072
0.2440072344446379,3.138430531295102,-1.2090737678551773,9.849746199765258
0.24854813602169348,2.883357581171196,0.9041953469500159,8.313750940897409
0.2531735424175485,3.127583459781315,1.3574424743240971,9.78177829789766
0.2578850262415801,2.658231620627293,2.468994362709175,7.066195348902804
0.26268418936895493,2.4496762647913273,-1.1328808176039202,6.000913802281989
0.267572663485257,2.4894141655058823,2.71358768631867,6.197182887421349
0.27255211064125034,2.8382890703366304,3.0525385566282335,8.055884846792374
0.27762422381796636,2.7549491509037587,0.42823011858715887,7.589744824065341
0.2827907275023064,2.545695641666532,-0.820505047650351,6.480566299999977
0.28805337827335636,2.9759550266526973,2.88941195085987,8.856308320659457
0.29341396539961406,2.5296484824779584,1.923403925040894,6.399121444903038
0.2988743114473274,1.896466317266138,0.403866482485411,3.596584492524988
0.30443627290015673,1.9639760950299578,1.1256849053691127,3.857202101849122
0.31010174079036756,1.784548842530753,2.1092414274828304,3.18461457137785
0.3158726413417697,1.4733447124157202,-1.2945142551069766,2.170744641603361
0.3217509366246212,1.619358622163584,-2.3880461184877944,2.6223223471755412
0.32773862522272024,1.6413928527580295,0.12471644700829021,2.694170497085142
0.3338377429129113,1.452378181599434,-0.33006728369506266,2.1094023823860786
0.34005036335723576,1.0803899762287281,-1.9225008459384527,1.1672425007355116
0.34637859880796595,1.277164755284926,-0.5940957361616244,1.6311498121420047
0.35282460082575556,1.4121323636643517,0.004853936721205265,1.9941178125082688
0.35939056101115807,1.3490671401488346,-0.054502952714837516,1.8199821486293553
0.3660787117497573,1.7946904064748974,0.3560077140860245,3.2209136550930326
0.3728913269711642,1.470978982321362,0.03911730472412289,2.1637791664311896
0.37983072292213915,1.0349674508028637,2.0640934179248207,1.071157624221378
0.3868992589541011,0.8250071791396902,-2.8057848607492284,0.680636845632029
0.39409933832529254,0.7877789861325512,2.861487794237777,0.6205957309920302
0.4014334090178724,0.8266671230606003,-2.4144341032552608,0.6833785323492897
0.40890396457021416,0.738466340892515,-2.914230717831484,0.5453325366311801
0.4165135449246952,0.8067577316301806,2.8932398350921655,0.6508580375450745
0.42426473729125874,0.4555813413957015,2.2690423228137195,0.20755435862790672
0.4321601770270509,0.8142223158673182,2.886221733768644,0.6629579796563388
0.44020254853242524,0.767902382194165,3.109296583250768,0.5896740685794734
0.4483945861636222,1.0353085946905365,0.5349483085244655,1.0718638862400935
0.45673907516243323,1.0954870789239541,0.3058831425247468,1.2000919400893377
0.4652388526031655,1.1842548672484259,-1.5058968973133957,1.4024595906015869
0.4738968083572297,1.3007834380616214,-2.3946034820250386,1.6920375527354121
0.48271588607567767,1.3832281247620382,1.9363462158326685,1.9133200451327046
0.49169908419002767,1.514946029254212,1.1747268607953094,2.295061471553104
0.5008494569317091,1.82310681701597,-1.8735238064146797,3.323718466250102
0.5101701153704844,1.829882831899078,2.4500347148347466,3.34847117847899
0.5196642284721927,1.9702246344389993,0.11959698397437357,3.8817851101502883
0.529335024176179,1.899574858738092,-1.9156338332910785,3.6083846439498424
0.5391857904927724,2.229317373304378,0.004288813492280941,4.969855950916732
0.5492198766211904,2.000701343504204,-2.4096478479237473,4.002805865899527
0.5594406940882449,2.422674867890945,0.6332833654261911,5.869353515510408
0.5698517179082406,2.3562856423606617,1.9996483552637825,5.552082028394996
0.5804564877644569,1.9286715845737914,-1.6287914161430976,3.719774081142379
0.5912586092126216,1.9160916991205916,0.36576608048294235,3.6714073994388357
0.6022617549067729,1.6928365157333807,-2.058704283748651,2.8656954690003325
0.6134696658479418,1.8708695727689162,1.8386769321911487,3.500152958312547
0.6248861526560685,1.6560638274972175,-1.2715202253236806,2.7425474007447335
0.6365150968655892,1.4994125346939897,2.9516461552888744,2.248237949197455
0.6483604522451341,0.969558252322753,0.4423800910847273,0.9400432046471511
0.6604262461417834,0.8250274624406754,-0.6509183621600321,0.6806703137813
0.6727165808503411,0.16930325205037,0.4729068668080476,0.028663591154831115
0.6852356350080885,-0.25436201241254264,-3.053239048054005,0.06470003335855849
0.6979876650154975,-0.05829838706615136,1.872608092404902,0.0033987019345148046
0.7109770064833765,0.14053936353105786,0.702188250655329,0.01975131270171484
0.7242080757069537,0.2415175125736347,2.5796265997923085,0.058330708879755805
0.737685371167389,-0.02255340971661594,2.8180925792489875,0.0005086562898455463
0.75141347506123,-0.04164919896016858,1.9536930647435469,0.0017346557740237076
0.7653970548583303,-0.048827632918433006,-2.6419541382346043,0.0023841377364172424
0.7796408648887598,-0.3569439025614612,3.0179789137694266,0.1274089495758059
0.7941497479592475,0.03515608308294317,1.5159611268861521,0.001235950177734803
0.8089286369997061,0.25628462432193583,1.4219138552466228,0.06568180866383579
0.8239825567403956,0.18667684775843255,-0.7361941457585237,0.034848245489025
0.8393166254203046,0.1831185964116282,-2.6665322620568417,0.03353242035176477
0.8549360565273144,0.2269999151662063,-0.1490379095307981,0.051528961485464854
0.8708461605707557,-0.3166882775901312,-2.789195036463719,0.10029146516300398
0.8870523468869478,-0.3816280474725153,0.4792887075909462,0.14563996661768439
0.9035601254783391,-0.5586323298023589,1.7745258808675786,0.31207007990041147
0.9203751088868742,-0.8154533942753017,-0.12147520488671804,0.6649642382351106
0.9375030141022228,-0.8792843064198517,0.04446869760620409,0.7731408915162395
0.9549496645055207,-0.3997648443894659,-1.2826302364256128,0.15981193080973388
0.9727209918492821,-0.23137132692939016,-3.0596746379613315,0.053532690925066746
0.9908230382741623,-0.3823281657071735,-0.16502928580654563,0.1461748262930119
1.0092619583632436,-0.2320183117604059,1.4935483559140295,0.05383249699214891
1.0280440212345532,-0.23396034584245673,-2.7776761793110296,0.05473744342672196
1.0471756126725356,-0.2358322348847518,2.186375770485415,0.055616843010736744
1.0666632372991631,-0.23763559040107024,-1.4978912581619686,0.05647067382526522
1.086513520785482,-0.23937189334722786,-0.34530137740976086,0.05729890332463663
1.1067332121042928,-0.24104263005801,-0.07229961827211051,0.058101549505282665
1.1273291858247527,-0.2426492426272584,-1.9390064701817495,0.05887865494758211
1.148308444449702,-0.24419315096264113,-2.903543196172173,0.05963029497706324
1.1696781207964526,-0.24567574083602253,-0.3488551506131512,0.06035656963532851
1.1914454804219206,-0.24709837132584608,-1.6994340364149578,0.06105760511188572
1.2136179240928515,-0.24846237599649593,3.0787799595879006,0.06173355228582412
1.2362029903020535,-0.2497690573551554,-2.607439157129266,0.062384582012082905
1.2592083578314197,-0.25101969473362357,1.2375070793083376,0.06301088714416156
1.282641848362682,-0.2522155391197779,2.021589379001754,0.06361267817348022
1.3065114291367284,-0.2533578160124996,0.22549628716695258,0.06419018293462361
1.3308252156624054,-0.2544477265748886,-0.8792439192231623,0.06474364555912929
1.3555914744757613,-0.25548644857740305,-2.8629099491584196,0.065273325406694
1.3808186259505932,-0.2564751323637428,0.5833780426214239,0.06577949352099939
1.4065152471613458,-0.2574149082802218,2.037337994184952,0.066262435004915
1.4326900747992386,-0.25830687945320363,-1.774337527445929,0.06672244397285187
1.4593520081427116,-0.25915212968889423,-2.2892748962492977,0.06715982632228945
1.4865101120830995,-0.25995172045951415,0.6602277870478979,0.06757489696986138
1.5141736202066602,-0.26070668852721146,0.2351467164150085,0.06796797744282446
1.5423519379339274,-0.2614180515360242,-2.3165750186721787,0.06833939766889141
1.5710546457174852,-0.26208680536688966,0.49872438263698804,0.0686894935474219
1.6002915022992847,-0.26271392647917896,0.8796709989317844,0.06901860716610744
1.6300724480285302,-0.263300370866232,-1.890100355725483,0.0693270852982953
1.6604076082413617,-0.2638470729003138,1.0521434684954247,0.0696152778780635
1.6913072967033795,-0.2643549511168101,1.5030957552912687,0.06988354017997107
1.722782019116288,-0.26482490137366216,-1.8527078318754109,0.07013222838756988
1.7548424766897401,-0.26525780384922704,-1.6166228059907775,0.070361702502915
1.7874995697797078,-0.26565451874442075,1.5981759682054069,0.07057232332932979
1.820764401594524,-0.2660158909719803,-2.565761202772298,0.07076445424961651
1.854648281969893,-0.2663427434869866,-0.5143175022063606,0.07093845700817475
1.8891627312141912,-0.2666358855555226,1.9429116190887035,0.07109469546597774
1.9243194840252682,-0.2668961102219911,-1.120840789416956,0.07123353365162922
1.9601304934802037,-0.26712419091835937,-2.372978411270728,0.0713553333737881
1.9966079350992472,-0.26732088849141555,-0.7235743885648063,0.07146045742383983
2.03376421098545,-0.2674869446312428,-0.1773416736041442,0.07154926554815755
2.0716119540412725,-0.26762308860687617,-1.7916157067933804,0.0716221175554839
2.110164032263724,-0.26773003387859623,-3.08228048620517,0.07167937104063428
2.1494335531193682,-0.2678084776611007,-0.8515833242781841,0.07172138070715628
2.18943386800081,-0.26785910290644593,-2.3268908531385883,0.07174849900984599
2.2301785767660744,-0.2678825787375793,-2.1289680589785513,0.07176107599109538
2.2716815323624577,-0.2678795605028125,1.7797531965922957,0.07175945893517997
2.3139568455364765,-0.2678506889848514,-0.38168276009893676,0.0717439915896596
2.357018889631397,-0.2677965933884599,-1.555342601124479,0.07171501543046413
2.4008823054741186,-0.2677178881949936,-1.38489192234366,0.0716728676595871
2.4455620063529264,-0.26761517617038133,0.9244357247261723,0.07161788251670423
2.491073183087957,-0.26748904535530427,2.658056050268084,0.07155038938509202
2.5374313091959384,-0.2673400720787654,3.119148061375597,0.07147071413907949
2.5846521461511296,-0.26716882338371606,-0.11505860615711816,0.07137918018823926
2.6327517487441066,-0.2669758507880077,0.483644841723998,0.07127610490398054
2.681746470540274,-0.26676169577296227,-2.934457813475361,0.07116180233166648
2.7316529694400153,-0.2665268891642538,3.045533115477479,0.07103658264757444
2.78248821334223,-0.26627194914766433,3.0878034729275576,0.07090075090289634
2.8342694859133584,-0.265997383261655,-1.6393599882631253,0.07075460790204778
2.8870143924636755,-0.2657036875915751,1.1154315230527718,0.07059844959976133
2.940740865933033,-0.26539134994552616,1.4923006538076864,0.07043256862590873
2.995467172987901,-0.26506084653683276,1.2394376683885957,0.07025725236682241
3.05121192023196,-0.26471264349165113,0.35466624878514796,0.070072783624338
3.107994060532216,-0.264347195841172,-0.0636368837455179,0.06987943994909095
3.1658328994628353,-0.26396495106405504,-0.41857680981336864,0.06967749539024898
3.224748101868966,-0.2635663454729554,0.4636732895684248,0.06946721846596926
3.28475969855261,-0.2631518072217262,1.2483551275687965,0.06924887364406056
3.345888093083024,-0.26272175597455993,1.69240409104843,0.06902272106235621
3.408154068733752,-0.26227660054519564,0.9424944636034409,0.06878901519354412
3.471578795548865,-0.26181674070541394,-1.9809084492016389,0.06854800571360596
3.5361838375405865,-0.2613425700856544,2.1531702594624376,0.0682999389389752
3.6019911600209733,-0.26085447159602504,-1.1309325963239925,0.06804505535164143
3.6690231370699626,-0.2603528206560022,-1.3865705517684113,0.06778359122353643
3.7373025591423996,-0.2598379858883559,-1.3607312623584031,0.06751577891051742
3.8068526408166994,-0.25931032698693585,0.026502863118074593,0.06724184568207159
3.8776970286876002,-0.2587701943274146,1.2880321081702046,0.06696201347224792
3.9498598094059205,-0.25821793389011444,1.6650404099265517,0.0666765013824795
4.023365517867807,-0.25765387937726314,1.3075609774380919,0.06638552155815326
4.09823914555651,-0.2570783644473806,-2.855559943663131,0.06608928546694023
4.174506149039269,-0.2564917092098928,-0.901928882506565,0.06578799689341219
4.252192458622449,-0.2558942292226393,1.2715598643143364,0.06548185654944867
4.33132448716762,-0.2552862334387012,0.3634514655217842,0.06517106098331905
4.411929139071826,-0.2546680223024214,2.7963654397419324,0.06485580158342662
4.494033819414881,-0.25403989312964853,1.0352052603680972,0.06453626730132325
4.577666443276904,-0.25340213399488176,2.6782669222780404,0.06421264151316002
4.662855445229336,-0.25275502763735286,-1.4011179523546515,0.06388510399595901
4.749629789002437,-0.25209884858412374,1.7051199950351377,0.06355382945744095
4.83801897733286,-0.2514338679652549,-2.2882016626494046,0.06321898995996923
4.928053061994308,-0.25076035030075966,1.2030372563080372,0.0628807532829597
5.0197626540150395,-0.2500785546055587,0.8279049149214681,0.06253928347360542
5.113178934085342,-0.24938873244770943,1.0503250599266494,0.062194739871875196
5.208333663158845,-0.24869113081094515,2.1329453225274237,0.061847278544026635
5.305259193251016,-0.24798599231363533,-0.03210268687665696,0.0614970523837784
5.40398847843861,-0.24727355243884738,1.1739841078817737,0.06114420973572741
5.50455508606393,-0.24655404284194263,-1.355289378433168,0.06078889604170648
5.606993208147424,-0.2458276880163803,-0.12657122240859175,0.060431252195478805
5.7113376730128484,-0.24509470983655468,2.445493221249208,0.06007141678986493
5.817623957128592,-0.24435532394026757,1.1926515593327052,0.0597095243379531
5.925888197169543,-0.24360974075284444,-2.53636784985517,0.05934570578966808
6.036167202303246,-0.242858168095339,-2.504981076194894,0.058980089810623935
6.148498466704865,-0.24210080655261348,-0.20679112030750346,0.05861280053342598
6.262920182304941,-0.24133785309066183,2.2716414571169974,0.05824395933440987
6.37947125177437,-0.24056950027034749,0.236065414022812,0.05787368446032472
6.498191301751155,-0.23979593583928832,0.6157258106802872,0.05750209084504008
6.619120696313118,-0.23901734487278173,0.813802134936612,0.057129291150034275
6.742300550701536,-0.23823390664049998,-2.132717428659121,0.05675539427319446
6.8677727452999635,-0.2374457964392722,1.9980496471372131,0.056380506246680284
6.995579939873407,-0.23665318650292216,-0.0072996287819862005,0.05600473068198686
7.125765588072272,-0.235856244398635,-2.6422710273486913,0.05562816802182865
7.2583739522064326,-0.23505513444301931,0.17981922041530174,0.05525091622802589
7.393450118294096,-0.23425001486873331,-2.431261078724811,0.054873069466001775
7.531040011390723,-0.23344104299643734,1.4853310900670769,0.054494720555264504
7.671190411203372,-0.23262837122618463,-0.5338334494310977,0.05411595909934756
7.813948967995378,-0.23181214789657645,-1.1125224270437775,0.05373687191242423
7.959364218787274,-0.23099252061530826,-2.2475739779631607,0.053357544580213606
8.10748560385895,-0.23016963064032825,2.3328853200779003,0.05297805886910513
8.258363483559167,-0.22934361803635836,-2.7840049787221357,0.05259849513400704
8.41204915542763,-0.22851461568817216,0.8254020687369583,0.05221892958311302
8.568594871635971,-0.22768275765266743,1.1821769503514936,0.05183943813232329
8.728053856753021,-0.22684817275586816,2.9366999218665626,0.0514600934826762
8.890480325840953,-0.2260109866855,-0.9395721212715555,0.05108096610255325
9.055929502888015,-0.22517132448878613,0.9367076784694275,0.05070212537203422
9.22445763958429,-0.22432930483116093,-1.6761680384188893,0.05032363700603192
9.396122034447044,-0.2234850452845776,-1.2931994674654541,0.0499455654658497
9.57098105230172,-0.2226386593288429,1.9138232825212995,0.04956797262774457
9.749094144125763,-0.22179026086581013,0.2365421977892841,0.049190919814924114
9.93052186726143,-0.22093995604057295,-3.0902839682023937,0.048814464175210306
10.115325906005069,-0.22008785380500423,0.3692151081086763,0.04843866339249291
10.30356909257923,-0.219234057579199,0.48503658245603587,0.04806357200263955
10.495315428495376,-0.21837866595758196,0.26284370250286404,0.04768924174541316
10.69063010631394,-0.217521779503817,-1.725786526795465,0.047315724558507175
10.889579531809314,-0.2166634945736551,-2.7351310840203285,0.04694306988086828
11.092231346547566,-0.21580390421864645,-1.1636702491427056,0.04657132507601073
11.298654450883959,-0.21494309968665543,0.24076705276330923,0.04620053610290749
11.508919027388837,-0.21408117150971423,0.7897346527659943,0.04583074799497168
11.723096564709063,-0.21321820511561876,-1.8008492437004675,0.045462002992726076
11.94125988187392,-0.212354286574636,1.3292833771675063,0.04509434302662264
12.163483153052923,-0.21148949684889745,-2.853227087673806,0.044727807277399806
12.38984193277474,-0.21062391837358085,-0.9598828206052596,0.04436243499104085
12.62041318161521,-0.209757626902031,0.17126155249715858,0.04399826204357164
12.855275292363359,-0.20889070020020456,2.061767898148527,0.04363532463013174
13.094508116674657,-0.20802321296618687,1.659558206459237,0.043273657132775534
13.338192992219865,-0.20715523578031253,0.7918396835990014,0.04291329171119688
13.58641277033955,-0.2062868410321883,-0.6479579074042219,0.04255426078303933
13.839251844212818,-0.2054180970282647,2.810230424465985,0.042196594586713564
14.096796177550676,-0.20454906839791925,-2.3767639420152182,0.04184032138245665
14.359133333822946,-0.20367982260700626,2.7456958800324793,0.041485470137221536
14.626352506029491,-0.20281042195531054,0.8651945056888097,0.04113206725369111
14.898544547025196,-0.20194092811490166,1.3343147216204132,0.04078013844790788
15.17580200040929,-0.2010713995567899,-0.42156512471306673,0.04042970771972625
15.458219131989791,-0.2002018954462303,0.06626905231371749,0.040080798940263326
15.745891961833062,-0.19933247340100982,0.7710984992914005,0.03973343495216429
16.038918296910275,-0.19846318720143516,-0.7517950564289948,0.0393876366741519
16.337397764350925,-0.19759409040233003,1.052610897051749,0.039043424561924174
16.64143184531569,-0.19672523493161945,-2.5346781113962886,0.03870081805890086
16.95112390949913,-0.19585667064472678,0.21205415251285764,0.03835983543603698
17.26657925027501,-0.19498844751128713,-2.5247059379445016,0.038020494662861976
17.58790512049512,-0.19412061265050823,-0.4180669124616858,0.037682812255808655
17.9152107689548,-0.193253211591387,2.9323717039853614,0.037346803790385394
18.248607477536783,-0.19238629110542196,-2.312928318125116,0.03701248500530016
18.5882085990462,-0.19151989243742826,2.5519862500978405,0.03667986919924409
18.9341295957501,-0.19065405764817978,-1.011952608459966,0.03634896969771546
19.286488078633603,-0.18978882946614006,-0.6803304712090616,0.036019799790127593
19.645403847387197,-0.18892424566320473,-0.8918489948831656,0.03569237059941093
20.010998931137593,-0.1880603464255388,2.3423747218271016,0.03536669389769366
20.383397629937164,-0.18719716822306431,-1.4141767287994278,0.03504277979073424
20.762726557024887,-0.18633474575902115,-0.2752723995746824,0.03472063747707905
21.149114681874334,-0.18547311598866906,1.3572437493360248,0.03440027675454629
21.54269337404236,-0.18461231133276962,-2.9757775701472857,0.03408170549562746
21.94359644783382,-0.1837523649965315,-0.26496440585565484,0.033764931641818534
22.351960207797884,-0.1828933088471071,0.7322969977903648,0.03344996242104331
22.767923495070402,-0.18203517169231143,-2.7671039142202636,0.0331368037330493
23.19162773457937,-0.18117798385723383,2.2023455941565793,0.03282546183457208
23.623216983128167,-0.18032177404943792,-1.2588413351411782,0.03251594219633654
24.062837978374343,-0.1794665698038633,2.699755564212074,0.03220824967716494
24.51064018871913,-0.17861239801836137,-0.8320087027890812,0.03190238872586954
24.96677586412609,-0.1777592840148396,1.1527777422819154,0.03159836305346841
25.43140008788505,-0.1769072521923033,1.6621900912380818,0.0312961758782312
25.90467082933925,-0.17605632654568934,1.3828493073253254,0.030995830116762397
26.386748997594328,-0.17520652919887103,-2.2110250337777813,0.030697327873914847
26.877798496225996,-0.17435788327478885,-0.6797684660907377,0.030400671460064893
27.377986279006645,-0.17351040819930696,2.652170425269828,0.03010586175349013
27.887482406668166,-0.17266412673360088,-1.2820884736864504,0.029812900660676985
28.406460104721983,-0.17181905560302055,3.118312357489657,0.029521787868313866
28.935095822354192,-0.1709752137576511,1.951706150407456,0.029232523719474483
29.47356929241758,-0.17013261980036504,2.5371383017273494,0.02894510832013556
30.022063592539528,-0.1692912917331553,-0.16136875476304358,0.028659541456680294
30.580765207367055,-0.1684512447143059,1.77277400953672,0.028375821845798968
31.149864091970876,-0.16761249520190113,-2.0575042569827007,0.02809394854780733
31.729553736428457,-0.1667750574904537,-1.7243492941178313,0.02781391980094414
32.320031231609924,-0.16593894556549577,2.4885405786965453,0.027535733655388566
32.921497336187215,-0.16510417285805534,0.9976113184570226,0.02725938789514262
33.53415654489133,-0.1642707522199907,1.578441539802995,0.026984880034921582
34.15821715803872,-0.16343869680775663,3.1360194882655206,0.0267122076142178
34.793891352352595,-0.16260801821994209,2.321162579932772,0.026441367589417016
35.44139525310123,-0.16177872633854046,-0.4215689227695396,0.026172356295720362
36.100949007579615,-0.1609508309681513,-0.38732145656308514,0.025905169989338412
36.772776859958,-0.16012434339230272,0.9482273823625089,0.02563980534681608
37.45710722752328,-0.15929927198979218,1.4930895449906254,0.02537625805647779
38.154172778339976,-0.15847562451417374,0.7321519309631426,0.025114523565157386
38.86421051035531,-0.15765341011824635,-1.8383115660026044,0.02485459772191198
39.58746183197768,-0.15683263561469782,-0.80917319390863,0.02459647559385258
40.324172644153336,-0.1560133072151261,2.5270148422246583,0.024340152028201317
41.07459342397186,-0.15519543274617242,-1.9297669299583087,0.02408562234527173
41.83897930982616,-0.15437901725106623,1.5702960419966834,0.023832880967405004
42.61759018815845,-0.15356406623547827,2.2412484836113062,0.02358192243877436
43.410690781819895,-0.1527505841514595,1.681298013992703,0.02333274095861211
44.218550740074335,-0.15193857406295963,-2.0091220612439686,0.02308533028828547
45.04144473027807,-0.1511280413331122,-1.1484310329438512,0.022839684877182867
45.8796525312643,-0.15031898991633774,2.796148973883497,0.02259579872946805
46.73345912846689,-0.14951142189034686,-1.1310649041112644,0.022353665275673288
47.60315481081295,-0.14870533977230496,2.5797982089883504,0.022113278076796663
48.48903526942001,-0.14790074735099928,1.670790358982857,0.02187463106698412
49.39140169812832,-0.1470976426883325,2.82066649985697,0.02163771648446434
50.310560895905674,-0.14629602904127778,-0.5933034965222457,0.021402528113246392
51.246825371156774,-0.14549590683432245,0.13810315531642647,0.02116905890554184
52.20051344797387,-0.1446972763530498,-2.9395789740619107,0.020937301783990864
53.171949374365674,-0.1439001372873017,-2.2080250165523587,0.020707249511304274
54.161463432498834,-0.14310449032223432,0.4933393150263261,0.020478895150386457
55.16939205099267,-0.14231033333488402,-2.9474450228122753,0.0202522309738858
56.19607791930194,-0.14151766629353282,-2.9128939045464364,0.020027249873167716
57.241870104229996,-0.14072648733826873,-1.8902564547079752,0.01980394423856791
58.30712416860844,-0.13993679504510248,-0.4727115842924223,0.019582306607495017
59.39220229218706,-0.13914858818034584,-2.192093895597533,0.019362329592583483
60.49747339477234,-0.13836186073258297,0.2364625881875453,0.019144004505382686
61.62331326165757,-0.1375766135836686,-2.857162495305836,0.018927324605150068
62.77010467138832,-0.13679284091225694,-0.9534801688636625,0.018712281324846036
63.938237525903766,-0.13601054117662018,-0.9436131006679336,0.018498867311157092
65.12810898310198,-0.13522971078663676,-1.1920646083702309,0.018287074679437423
66.34012359187005,-0.13445034431639985,-1.3264829683243546,0.018076895086798474
67.57469342962932,-0.13367243731965245,-0.16502920996554993,0.017868320498976412
68.83223824243794,-0.13289598601935326,-2.2620312826406113,0.017661343100056136
70.11318558770317,-0.13212098600676733,0.4540019564830784,0.01745595494340041
71.417970979547,-0.13134743060845197,0.9910553635969492,0.017252147527442106
72.74703803687925,-0.13057531560603014,0.6829145820919607,0.017049913045614377
74.10083863422489,-0.12980463470851553,-0.8708478903760013,0.016849243191811154
75.47983305535799,-0.12903538161753875,-0.4789230106399254,0.016650129709183857
76.88449014979652,-0.12826755203163032,2.762904907657795,0.016452564904186992
78.31528749220695,-0.12750113709478764,0.9891307624175747,0.01625653996046383
79.77271154477793,-0.1267361295357647,-0.6825747151555288,0.016062046529706133
81.25725782261318,-0.12597252501563594,-0.7841035403873398,0.01586907705881502
82.76943106220479,-0.12521031473261876,-2.284068547156597,0.015677622915441447
84.30974539303917,-0.1244494925278312,2.2630561844593338,0.015487676190434715
85.87872451239903,-0.12369004911092335,2.5297063875479004,0.01529922824906263
87.47690186341677,-0.12293197787744117,0.28212131420358677,0.015112271184859687
89.1048208164412,-0.12217527078900266,1.485971766726518,0.014926796792366127
90.76303485378139,-0.12141991941527165,1.8902419034411748,0.014742796830811061
92.45210775788568,-0.1206659140431605,2.602881225419356,0.0145602628118714
94.1726138030258,-0.11991324759004936,0.005862497085642904,0.014379186947592477
95.9251379505449,-0.11916191071297827,2.7518002535081125,0.014199560964767806
97.71027604774241,-0.1184118943336202,2.0063459210133843,0.014021376719676437
99.52863503045681,-0.11766319068618498,-2.376468678510371,0.01384462644245353
101.38083312942139,-0.11691578829186902,0.062467389748596336,0.013669301551909138
103.26750008045835,-0.1161696774831626,2.001596926821928,0.013495393966542016
105.1892773385843,-0.1154248505758569,3.1330786703925293,0.013322896130458893
107.14681829610258,-0.1146812971651363,-1.007137748260961,0.013151799919478298
109.14078850475073,-0.11393900590543897,-1.658356315641307,0.012982097066719656
111.17186590198578,-0.11319796584058682,0.8645855263226814,0.01281377947044666
113.24074104147698,-0.11245816850846808,-2.9782652003029195,0.012646839664279003
115.34811732789149,-0.11171960378943242,-2.6725027903029623,0.012481269870867763
117.49471125604579,-0.11098225894129035,1.6076480421355273,0.012317061799711622
119.68125265451113,-0.11024612487495286,2.32930482086494,0.0121542080499437
121.90848493374993,-0.109511190125325,2.1590377385461457,0.011992700762665079
124.17716533887001,-0.1087774425214649,0.24340011746526002,0.0118325320015106
126.48806520708492,-0.108044872172614,2.548004306490621,0.011673694402796501
128.8419702299618,-0.10731346554536808,2.9143752291277893,0.011516179887356903
131.23968072055365,-0.10658321401908771,0.766465109280615,0.011359981510638656
133.68201188549872,-0.1058541051842195,1.0890808880181622,0.011205091584351807
136.16979410218784,-0.10512612627160904,2.535968092160357,0.011051502424874288
138.70387320108526,-0.10439926751625371,1.73028804598603,0.010899207057930307
141.28511075330817,-0.10367351363804485,2.389130508710326,0.01074819743005787
143.9143843635531,-0.10294885475029959,0.6230983813863453,0.010598466694398283
146.59258796847809,-0.10222527832772786,-1.0986651324761185,0.010450007529181427
149.32063214063476,-0.10150277243465561,-0.6738638552506848,0.010302812811921483
152.09944439805636,-0.10078132229324237,-1.7179015755245106,0.01015687492317439
154.9299695196103,-0.10006091833077844,-3.07281600559908,0.010012187377198714
157.81316986621457,-0.0993415457747411,-3.0500429929755906,0.00986874271691498
160.75002570803701,-0.09862319196669068,2.072161799943115,0.009726533993698721
163.7415355577785,-0.09790584529212996,-1.0292074431024427,0.009585554542366486
166.78871651016357,-0.09718949185855211,0.7850869573873998,0.009445797327723566
169.8926045877438,-0.09647411824915034,0.3670480374376739,0.009307255491951043
173.05425509314125,-0.09575971210863246,-0.5068121187489596,0.00916992246312817
176.27474296784382,-0.09504625950398646,-1.319184442777273,0.009033791445699137
179.55516315767764,-0.09433374761317756,-0.4690820824750914,0.008898855938746683
182.89663098508424,-0.09362216295461691,-0.12587655727113312,0.008765109396300843
186.3002825283204,-0.0929114922059155,2.320870923928882,0.008632545383929898
189.76727500772057,-0.09220171966544884,-1.5733832789316855,0.008501157109266015
193.2987871791417,-0.0914928350031032,-2.5898954979109248,0.008370938856905067
196.89601973473586,-0.09078482032987206,3.0341765831778513,0.008241883602327152
200.5601957111749,-0.09007766499795877,-0.25731135889905454,0.008113985731484486
204.29256090547833,-0.08937135441103873,1.5055693101382488,0.007987238989263491
208.09438429857508,-0.08866587398463029,-2.9826699912488017,0.007861637209458337
211.96695848674796,-0.08796120923945247,1.00525758150932,0.007737174330866739
215.9116001211114,-0.08725734672736371,-2.689732762122742,0.007613844557899371
219.9296503552611,-0.08655427175631103,-0.7378538957839806,0.007491641959265341
224.02247530126132,-0.08585197011719117,-0.0017200744208198948,0.007370560773003086
228.19146649411115,-0.0851504281806258,-0.8178364135798142,0.007250595419343913
232.4380413648611,-0.08444963043790096,-1.1623426099112724,0.0071317400810980485
236.76364372252738,-0.08374956200068868,2.602185774143879,0.007013989135307198
241.16974424498102,-0.08305020970862581,-1.4271939326529928,0.006897337332646725
245.65784097896804,-0.08235155764233727,-1.7767946938266879,0.006781779046119199
250.22945984943436,-0.08165359167461621,3.011403070722941,0.006667309033364953
254.88615517833423,-0.08095629657273146,-0.521648170606964,0.006553921954772051
259.6295102130862,-0.08025965680208912,0.7725814582177906,0.00644161250998913
264.4611376648711,-0.07956365832471456,2.5690958662484427,0.00633037572601192
269.38268025694015,-0.07886828672131577,1.3133268717969226,0.006220206650355673
274.3958112831344,-0.07817352609873943,-0.5006584502119753,0.006111100182710294
279.5022351767901,-0.0774793610991203,2.3594578146296445,0.006003051396327877
284.70368809023944,-0.07678577692317447,1.8259522087750293,0.005896055537695513
290.00193848508957,-0.07609275890939755,2.4037661935199655,0.005790107958443701
295.3987877334868,-0.07540029008416513,1.7474743171614584,0.00568520374477625
300.89607073057647,-0.07470835676279673,1.9622683879034426,0.005581338570197316
306.4956565183505,-0.07401694247539584,2.744777053610984,0.005478507773406056
312.1994489211151,-0.07332603219408797,-1.7153082883068542,0.005376706997328425
318.0093871927746,-0.07263561108516618,-0.03263476549677424,0.005275931997715516
323.92744667617023,-0.07194566274391714,-0.3424315654725403,0.005176178387661467
329.9556394746795,-0.07125617166048026,-1.5490668607856752,0.005077441999707831
336.096015136324,-0.0705671224667783,0.2528582016512626,0.004979718773241288
342.3506613505977,-0.06987849844834385,-0.4764046579362673,0.004883004545395193
348.7217046582729,-0.06919028492512555,1.7182115111764054,0.004787295528020056
355.2113111744094,-0.06850246514837767,-1.1945682049540114,0.004692587731404697
361.82168732481705,-0.06781502416550488,1.218083946740343,0.00459887750256801
368.5550805962327,-0.06712794543512357,1.2672977079656453,0.004506161058340927
375.41378030044535,-0.0664412133950966,-2.859967433118748,0.004414434837412763
382.40011835265403,-0.06575481214520504,-2.086246989359217,0.004323695320251204
389.5164700642984,-0.06506872462581706,-1.340788703609042,0.004233938924430411
396.76525495065596,-0.06438293704061368,1.4394568202328264,0.004145162581975625
404.1489375534559,-0.06369743001006671,2.562506082184198,0.004057362589887347
411.6700282788135,-0.06301218889528268,2.2181337328611956,0.003970535949374785
419.33108425075034,-0.06232719887636459,-0.7027130708926008,0.0038846797197739035
427.1347101805978,-0.06164244214155889,-1.7936465798557903,0.003799790673175435
435.0835592525889,-0.06095790250462169,2.247778263156076,0.0037158658777629635
443.1803340259171,-0.06027356365850323,0.7905975898092685,0.0036329024760956416
451.42778735359707,-0.059589408872323585,-1.182113718851418,0.0035508976497529566
459.82872331841014,-0.058905421534632144,-2.5535361381792026,0.0034698486861727044
468.3859981862825,-0.05822158618324226,0.194269667158959,0.003389753097692706
477.10252137739013,-0.05753788530839841,1.5536513631860736,0.003310608245762409
485.9812564553504,-0.05685430365590142,2.8891770740335367,0.0032324118441974456
495.02522213481205,-0.0561708230619092,0.5453197156416953,0.0031551613634523104
504.2374933077971,-0.055487427138351725,-0.5798941150743606,0.0030788545704338913
513.6212020891511,-0.05480409979056974,-2.5757325024741022,0.0030034893538547257
523.1795388814352,-0.054120824415124905,0.566213321907918,0.00292906363537278
532.9157534596512,-0.0534375832654565,-1.2409273049473555,0.0028555753052525966
542.8331560761363,-0.05275435993421548,-0.17201861296111787,0.00278302249206876
552.9351185860372,-0.05207113823577223,0.4610945653808116,0.0027114034371689007
563.2250755937107,-0.05138790070099784,2.410544389440692,0.0026407163384556146
573.7065256204755,-0.05070462994461808,3.01701577236416,0.0025709594978206604
584.3830322940853,-0.05002130943157094,1.0110116871937151,0.0025021313972489675
595.2582255603353,-0.04933792245947898,1.8931579373456024,0.0024342305926175604
606.3358029172298,-0.04865445069254542,-3.0445868399369553,0.0023672555721933335
617.6195306720995,-0.0479708779334291,-1.117650006490833,0.002301205129703955
629.1132452221316,-0.04728718740203805,0.5317057161715466,0.002236078092395466
640.8208543587112,-0.046603361772319996,-2.226619760504087,0.0021718733284817365
652.7463385960565,-0.04591938384094293,1.9353642936344801,0.0021085898123318503
664.893752524558,-0.045235236647536564,0.462504580797535,0.002046226634558635
677.2672261893249,-0.04455090193338325,2.8781271024527397,0.001984782863077931
689.8709664943639,-0.04386636211241704,2.9062086573173174,0.0019242577249776972
702.7092586329098,-0.04318160044932772,1.7412392491178776,0.00186465061736538
715.7864675443608,-0.042496598880878554,-2.4898984742878083,0.0018059609164422883
729.1070393983257,-0.04181134102543922,-2.352163055273775,0.001748188238345577
742.6755031063045,-0.04112580866142477,-3.1062215052453874,0.0016913321380561206
756.4964718614787,-0.040439984735095406,1.6824801224320876,0.0016353923653747494
770.5746447071791,-0.03975385067668028,-2.3715460711823066,0.0015803686436237933
784.9148081345203,-0.03906739022870121,-0.9166645106975215,0.0015262609792816189
799.5218377097898,-0.03838058550097755,-1.7338485254154228,0.0014730693433978484
814.400699732097,-0.03769341736273607,-0.6448325117462805,0.0014207937124814131
829.5564529218964,-0.037005869211304304,2.5486572476575526,0.0013694343560841599
844.9942501409151,-0.036317923146557345,2.368857715760373,0.0013189915416792458
860.7193401440893,-0.03562956056585752,1.1981867108711386,0.0012694655861161092
876.73706936412,-0.03494076454555855,-0.102275609962863,0.0012208570270281613
893.0528837292129,-0.034251516689542974,1.5315500021171955,0.0011731663955340409
909.6723305146742,-0.03356179921803748,1.3885973878544418,0.0011263943667518613
926.6010602289356,-0.032871593594629024,2.444795097110168,0.001080541665450456
943.8448285347062,-0.032180882699560404,1.2613021362175116,0.0010356092113228662
961.4094982058473,-0.03148964824528604,-2.4186867405548673,0.0009915979466118459
979.3010411206924,-0.030797872373937468,-0.10825100937881693,0.0009485089427613407
997.5255402924425,-0.030105536110392062,2.9356186414045267,0.0009063433044941204
1016.0891919373476,-0.029412622169712205,-1.938319465178667,0.0008651023428982459
1034.9983075813943,-0.028719110055003137,1.4925719880938253,0.0008247872823513823
1054.2593162061705,-0.02802498396532297,-1.2111983868363165,0.0007853997262566096
1073.8787664346946,-0.027330224272956952,-2.193393291038916,0.0007469411588101254
1093.8633287578905,-0.026634814062774265,2.8167818677325496,0.0007094133201585578
1114.2197978025297,-0.025938732178670643,-0.2391333096123276,0.0006728178270368039
1134.9550946413442,-0.02524196178709907,-2.853285689105679,0.0006371566348613697
1156.0762691461646,-0.024544484501719175,-1.1329994772990304,0.0006024317194551328
1177.5905023848259,-0.02384628082062862,2.2761250235468946,0.0005686451089762805
1199.5051090626778,-0.02314733381704497,-1.9159937314060764,0.0005357990628377137
1221.8275400095563,-0.02244762384705926,-2.83086632862982,0.0005038958163790635
1244.5653847130004,-0.021747132816347263,-2.0740816049034927,0.00047293778573184806
1267.7263738986494,-0.021045841594272845,0.9080059469231339,0.000442927448411225
1291.3183821586222,-0.020343732098710807,3.0807985069187698,0.0004138674357041164
1315.3494306288496,-0.01964078416223828,-2.271320251010218,0.00038576040250763006
1339.8276897161904,-0.01893697857752625,-2.4042574753154895,0.0003586091576456881
1364.7614818763393,-0.018232297084632806,-1.480408815459483,0.0003324166569823099
1390.1592844433887,-0.017526721619041136,-2.28072745057959,0.00030718597071136396
1416.0297325120887,-0.01682023142302878,2.2361701480276714,0.0002829201851242448
1442.3816218737174,-0.01611281010104353,1.7125302818777275,0.0002596226493522904
1469.2239120065865,-0.015404436454840577,1.997565116693357,0.00023729666249122132
1496.5657291222283,-0.01469509077689514,-0.3237837083475603,0.00021594569294118858
1524.4163692682275,-0.013984754082250894,2.9266943260726714,0.00019557334674103304
1552.7853014888433,-0.013273409423948931,1.8190533963610909,0.0001761833977357763
1581.6821710444008,-0.012561035009305496,2.81735617142224,0.0001577796005049983
1611.1168026906448,-0.011847612993865907,-2.115679290730064,0.00014036593365242028
1641.09920401907,-0.01113312168856407,1.6164541534049253,0.0001239463985323757
1671.6395688594625,-0.01041754370348294,2.272950819082771,0.00010852521681397705
1702.7482807457288,-0.00970085928698628,-1.3889442207529765,9.410667090590795e-05
1734.4359164462219,-0.008983048550126271,-2.590767250874486,8.069516125392571e-05
1766.7132495598019,-0.00826409156493609,-0.36450164174066213,6.829520939364784e-05
1799.5912541787625,-0.007543969496530643,1.915044501031785,5.6911475764584804e-05
1833.0811086199851,-0.006822661101261964,-0.006001800621645792,4.654870450267311e-05
1867.1941992254665,-0.006100148013320222,2.2942899546290736,3.7211805784414656e-05
1901.942124233633,-0.005376410008726268,2.5529528549189013,2.8905784581931987e-05
1937.3366977226415,-0.004651427258034686,0.19495661788959762,2.1635775536788078e-05
1973.3899536271172,-0.003925179680566022,-3.084622301017701,1.540703552472838e-05
2010.1141498296058,-0.0031976461749078635,1.638451173508014,1.0224941059902891e-05
2047.521772328165,-0.0024688074420500914,1.100509002269611,6.095010185921915e-06
2085.6255394815553,-0.0017386450998870136,-2.0032918806024123,3.0228867833611235e-06
2124.4384063333673,-0.0010071368963248152,2.1309391952929833,1.0143247279387816e-06
2163.973569016693,-0.0002742625385643351,-1.4084777151653836,7.52199400597534e-08
2204.244469240692,0.0004599964665561581,1.8850298049482728,2.1159674924415066e-07
2245.264798860725,0.0011956624961450264,-0.317631764019934,1.4296088046877554e-06
2287.0485045334626,0.0019327546343051946,0.8414417907170457,3.7355404764282064e-06
2329.6097924586957,0.0026712945230134497,-2.916389708836719,7.135814428681654e-06
2372.9631332093386,0.003411301047778961,-2.3443558409601337,1.1636974838577838e-05
2417.1232666513215,0.00415279604508804,-1.621207927316143,1.724571499209887e-05
2462.1052069550856,0.004895801116611388,1.4930147194669967,2.3968868573413315e-05
2507.9242477002695,0.005640335207553974,-0.424524984369838,3.181338125357293e-05
2554.595967075469,0.006386419982735768,0.23113896934143519,4.078636019588673e-05
2602.1362331746864,0.0071340756967845885,-1.1148612185637496,5.089503604745251e-05
2650.5612093924224,0.007883324951257622,-0.45387187423574105,6.214681228712099e-05
2699.8873599190883,0.008634186525983975,0.8378422483586476,7.454917696548324e-05
2750.131455338773,0.009386682210090754,-1.984655505361015,8.810980291323425e-05
2801.31057833109,0.010140834794253024,-0.505607486286038,0.00010283653032433278
2853.442129479224,0.01089666364460304,1.1140863381833492,0.00011873727858361361
2906.543833186003,0.011654190737659867,2.1900984313342864,0.00013582016174975705
2960.6337437000675,0.012413436011270419,-0.5232526615185771,0.00015409339360590525
3015.730251254243,0.013174421236125772,1.502775635188824,0.00017356537490688173
3071.8520883180568,0.01393716803026252,-2.6772520108537003,0.00019424465270377164
3129.018335966712,0.014701699053951862,0.2748208390299052,0.00021613995507296907
3187.2484303684832,0.015468034331006195,-1.0109673907739651,0.00023926008606518626
3246.562169392941,0.01623619792711395,-0.33240245126600243,0.0002636141231284193
3306.979719342057,0.017006210155544706,-2.149054334771015,0.0002892111838545519
3368.5216218066635,0.017778091686238777,-2.1763793245286305,0.0003160605440043123
3431.2088006504496,0.018551865124808362,-0.07405482885333337,0.0003441716996090808
3495.0625691239197,0.019327552806508844,0.874649135510615,0.0003735542974883879
3560.10463711082,0.020105177687161364,2.221089609343877,0.00040421816983233117
3626.3571185093024,0.020884759598264517,2.6625085521501237,0.00043617318347730186
3693.8425387505727,0.021666322524034998,1.415777983320071,0.00046942953171550625
3762.583842457337,0.022449886888918667,-1.0132080811784512,0.0005039974213252422
3832.6044012448915,0.023235476343082102,-0.5584018063747131,0.000539887360889928
3903.9280216672637,0.024023113717436474,0.7195718760992764,0.0005771099926808845
3976.5789533113475,0.02481282063391184,1.5487752646819821,0.0006156760678106811
4050.5818970415894,0.025604620059424238,-0.08749516207682762,0.0006555965683874701
4125.962013398103,0.026398533892266592,1.08866367564314,0.0006968825916611479
4202.744931151154,0.027194584718668275,-1.224407838105939,0.0007395454380208261
4280.956756014713,0.027992797041687813,-2.184832167517778,0.000783596686217126
4360.62407952231,0.028793191731695505,-0.5360606682840618,0.0008290478900981784
4441.773988067915,0.029595793236639193,-2.838578210287602,0.0008759109773058982
4524.434072115216,0.03040062401531076,-0.8816059101306686,0.0009241979405202893
4608.632435578133,0.031207706807975234,-0.7986892253324909,0.0009739209642125438
4694.397705376038,0.03201706552495373,2.7752719367508893,0.0010250924848291807
4781.759041166702,0.03282872283330532,-1.1364169715149077,0.001077725042865982
4870.7461452603675,0.03364270253033939,2.2249398452764613,0.0011318314335449042
4961.389272718417,0.034459026184724094,-0.57840285593754,0.0011874244855995008
5053.719241639826,0.03527771990599819,2.3970856405534953,0.001244517521766061
5147.767443639207,0.03609880684488374,2.630598406821929,0.001303123855624225
5243.56585451968,0.03692230959817525,-2.947011211277616,0.0013632569460635044
5341.14704514453,0.03774825285415794,0.4234518514385668,0.0014249305935414432
5440.544192511011,0.03857666013422316,2.4192234926188023,0.0014881587071113624
5541.791091030409,0.03940755514714155,1.8536464945176832,0.0015529554026750027
5644.92216401784,0.04024096206502929,-0.6391220700335958,0.0016193350279191266
5749.972475396042,0.041076906089041756,0.7696635111633126,0.0016873122138479557
5856.977741616858,0.04191541047525003,-1.2198305537597718,0.0017569016353086997
5965.97434380457,0.042756499690800975,0.594037463527735,0.001828118265809464
6076.999340125339,0.04360019906947642,-0.28586037616235105,0.0019009773588979722
6190.090478386652,0.04444653196620897,-0.38953624661926733,0.001975494203823236
6305.2862088714455,0.04529552147707981,2.1368478467051544,0.0020516842658805986
6422.625697410855,0.04614719417185026,1.7066595127779935,0.0021295635299344506
6542.14883870046,0.047001575556221815,2.7525418676737106,0.002209148104767228
6663.896269864128,0.0478586895584495,-2.9526170247817496,0.002290454166252043
6787.909384270474,0.04871856121350876,-0.8406957013457359,0.0023734982067144003
6914.230345606313,0.04958121459867645,0.4765050498449446,0.0024582968410800064
7042.9021022120005,0.05044667679973547,-1.445173278120835,0.0025448672001369688
7173.968401683709,0.05131497346451864,-1.22617765017222,0.002633226501664252
7307.473805747218,0.05218612890069921,-1.2808166906263774,0.002723392049640393
7443.46370540874,0.05306016946199534,-1.6768514813720066,0.0028153815833356632
7581.984336387463,0.053937118322395165,1.432994161697402,0.002909212732924056
7723.08279483553,0.05481700395700703,-1.8496947517557045,0.0030049039228225247
7866.80705335031,0.05569985052805024,-2.2732341688034974,0.0031024733488471384
8013.2059772848925,0.05658568491065486,-1.9485324949763478,0.0032019397368079133
8162.32934136196,0.05747453168294965,2.143906347319228,0.003303321792174383
8314.227846596832,0.05836641780583863,-1.8962891780592193,0.0034066387274857167
8468.95313753561,0.059261368258996805,2.054277754785118,0.003511909767928434
8626.557819813866,0.060159413507304894,1.1074121916876845,0.0036191550335428987
8787.09547804237,0.061060573330698246,2.187522465355066,0.003728393615473578
8950.620694025389,0.0619648831708243,3.0064910004862035,0.0038396467463739045
9117.18906531829,0.06287235905421895,2.3376692323462205,0.003952933533042628
9286.857224130232,0.06378304147044771,0.8777249349153067,0.004068276379220852
9459.682856578882,0.06469693430371196,0.06630934847584768,0.004185693308298821
9635.72472230329,0.06561410869081322,1.355768665221711,0.004305211259289851
9815.042674441736,0.06653450077091037,-1.1203353613755898,0.004426839792834273
9997.69767998156,0.06745837907197949,-0.7280591415260593,0.004550632907018881
