frequency,amplitude,phase,psd
0.0001,-2.2782660421870276,0.0,10000.0
0.00010092621909870474,1.1828157512991573,0.7645096052099333,9908.228099003796
0.00010186101701559758,1.5725775157693918,1.8541890759761253,9817.298406188835
0.00010280447320933093,0.9206415286724643,3.2533491768234604,9727.20319245054
0.00010375666787451859,0.19021254742869584,5.240671585309635,9637.934799615787
0.00010471768194855202,-0.36188272211138944,1.2636364671996365,9549.485639791967
0.0001056875971184804,-2.011416135301119,4.367795913727853,9461.848194722003
0.00010666649582795394,-0.9690897243064904,5.289542229578405,9375.015015145284
0.00010765446128423154,-0.5097780212649743,2.6394172017910225,9288.978720164501
0.00010865157746525384,-0.7624693835040536,0.12133389161384081,9203.73199661822
0.00010965792912678099,-1.5394028042698498,4.638752853477008,9119.267598459299
0.00011067360180959733,-0.19005604665130177,4.551144147819522,9035.578346138931
0.00011169868184678232,0.653402832216265,3.8204952869851145,8952.657125996395
0.00011273325637104866,0.7525542239057148,1.6828799107177508,8870.496889654407
0.00011377741332214914,0.09963079619101833,3.990048682725955,8789.090653419955
0.00011483124145435111,-0.9300669855966479,2.6661067725965997,8708.431497690724
0.00011589483034398106,-1.0487117001021111,5.351517957171153,8628.512566366895
0.00011696827039703854,-0.22318948761812255,6.080025849841559,8549.327066268379
0.0001180516528568805,0.8218531752716293,2.6547365751462633,8470.868266557407
0.00011914506981197761,1.2545157894857226,4.316926849344561,8393.129498166363
0.00012024861420374123,0.19980359355588997,4.761521172445126,8316.104153230961
0.00012136237983442405,1.0050690353003433,3.027918847059424,8239.785684528519
0.00012248646137509312,0.5814094813768407,0.8374773165532626,8164.167604921468
0.00012362095437367686,-1.5249065997786044,1.6515867577376493,8089.243486805942
0.000124765955263087,-1.7068778639410833,4.903844505917788,8015.006961565404
0.0001259215613694151,-1.0780897586595988,5.51126576687264,7941.45171902934
0.0001270878709202059,-1.0005374427130636,0.2862039351269703,7868.571506936847
0.00012826498305280605,0.4564219480777073,4.352343583409035,7796.360130405234
0.00012945299782279152,1.271252521959753,3.099481716999678,7724.811451403405
0.00013065201621247213,-0.3041078136217229,3.962577840909692,7653.919388230148
0.00013186214013947485,0.6614687881340777,0.8343760156671751,7583.677914997191
0.00013308347246540755,0.22811369470609277,2.572106575250699,7514.081061116965
0.0001343161170046016,-0.4698999299931686,1.941480556944101,7445.1229107951385
0.00013556017853293682,-0.871767198258034,1.0455587482576019,7376.797602527735
0.0001368157627967472,-0.1184411651235827,1.5566886491570857,7309.099328602911
0.00013808297652180923,-0.9518837864980149,1.7261162897494327,7242.022334607315
0.0001393619274224143,-0.3097722067535498,3.5914273918370148,7175.560918936924
0.0001406527242105237,0.14688540834753433,4.219483916716595,7109.709432312436
0.00014195547660501016,-1.0302602834170378,4.159892781167268,7044.462277299037
0.0001432702953409831,-1.4619431186617775,2.8081086844330474,6979.81390783066
0.00014459729217920195,0.5335830037698935,0.5897162228850776,6915.758828738525
0.0001459365799155757,0.134180360561342,1.049764032690137,6852.29159528406
0.00014728827239075026,2.3665522167768973,4.881165993152707,6789.406812696109
0.0001486524844997857,1.2651394983151907,0.0164362829348351,6727.099135712337
0.00015002933220192185,0.268992602145022,5.201829447082877,6665.363268124913
0.0001514189325304352,-0.869030547206953,2.355867054089751,6604.193962330305
0.000152821403602587,-2.0693044611128375,3.8603761314644522,6543.586018883232
0.00015423686462966282,0.5107485667027133,1.3674059694102927,6483.534286054723
0.00015566543592710622,0.08185752041076594,1.8630146224280237,6424.03365939419
0.00015710723892474503,-0.5439931312003224,3.1179742558597434,6365.079081295572
0.00015856239617711374,1.6790744287220896,2.486005643468858,6306.665540567405
0.0001600310313738701,1.5716536396480054,2.5430233377544447,6248.788072006891
0.00016151326935030905,-0.1263841001748432,5.840830619084133,6191.441755977844
0.00016300923609797414,-0.49374946594822783,1.9044377163672246,6134.621717992505
0.00016451905877536626,1.2023348106524603,1.6204637609376003,6078.323128297229
0.00016604286571875296,0.9216936024540342,4.669056563779235,6022.541201461928
0.00016758078645307678,0.4075130965291389,4.939350076807603,5967.271195973314
0.00016913295170296481,-1.178023203511764,5.925810374185471,5912.508413831877
0.0001706994934038408,-0.9512333017482061,0.5747926500497337,5858.248200152536
0.0001722805447131394,0.8578193452518211,4.032956925643628,5804.485942768978
0.00017387624002162505,2.06280820361908,5.137597009188378,5751.217071841614
0.00017548671496481511,1.5079701528708063,6.01538303650155,5698.437059469139
0.00017711210643450877,1.7544305961650148,4.427105168209853,5646.14141930367
0.00017875255259042355,-0.1497696231143913,3.1465872427764086,5594.325706169378
0.00018040819287193827,0.23876786204856446,4.90296131287916,5542.985515684669
0.00018207916800994626,0.30894779981352644,1.6390673960179478,5492.1164838877885
0.00018376562003881715,-0.9147190168432325,1.6690903827375658,5441.71428686589
0.00018546769230846986,-0.20203333476533597,2.650872934319552,5391.774640387503
0.0001871855294965579,1.543110303773254,5.227895624384467,5342.293299538353
0.00018891927762076667,0.5043444494682923,4.4501943951903,5293.26605836056
0.0001906690840512252,0.6662967331361843,1.2515252324550694,5244.688749495119
0.00019243509752303313,0.39655960274462587,1.3529145570677026,5196.55724382766
0.00019421746814890257,1.754295686274845,4.916056532947344,5148.867450137494
0.00019601634743191858,0.6087312456153579,5.410038512146951,5101.6153147498335
0.00019783188827841644,-1.4162028995340255,3.1676929772560487,5054.79682119124
0.00019966424501097934,-0.4030047605028345,2.755317181408551,5008.407989848212
0.00020151357338155576,-0.17010315580600002,0.6981178165515257,4962.4448776289155
0.0002033800305846981,-0.7535991044013998,5.757604026964136,4916.903577628029
0.00020526377527092522,-0.3492353528886855,5.879051326127261,4871.780218794631
0.0002071649675602069,0.663356964193072,4.764877537660518,4827.070965603183
0.000209083769055575,-0.5257756898439161,4.82233782740768,4782.772017727486
0.00021102034285685957,0.18648501284229918,5.409371733000549,4738.879609717653
0.000212974853574552,0.7359609188817091,4.715602733338385,4695.39001068006
0.00021494746734379805,-0.7306711221921354,2.1034758710010544,4652.29952396019
0.00021693835183851846,0.4768397167418678,2.492444841302436,4609.604486828433
0.0002189476762856621,2.0632848513031226,5.953385558825933,4567.301270168747
0.00022097561147959023,1.601134633414783,0.2152467244918025,4525.386278170168
0.00022302232979659375,1.3925714411730743,4.064534387993259,4483.855948021188
0.0002250880052095462,0.9076137538657412,2.363498688277667,4442.706749606882
0.0002271728133026905,-0.841002216023409,5.00042268240805,4401.935185208875
0.00022927693128656486,0.5112947999529251,5.378383483002997,4361.537789208006
0.0002314005380130653,-0.08849604762461538,3.804693071764464,4321.511127789764
0.00023354381399064793,-0.5862497634067455,2.741024194662936,4281.851798652411
0.00023570694139967278,0.2969762420384374,3.5412176194981884,4242.556430717777
0.00023789010410788934,0.6182658692391358,6.244264706528578,4203.6216838447135
0.0002400934876860652,0.2116807839589478,4.8316769103613355,4165.044248545185
0.00024231727942375996,0.8397278736965876,5.52525794583179,4126.820845702953
0.00024456166834524467,0.14345525966173575,3.4734038209279983,4088.94822629486
0.00024682684522556923,-0.40396830290829217,1.5106377753985722,4051.4231711146476
0.00024911300260677886,-0.10573235052213613,3.526590765278089,4014.242490499322
0.00025142033481427963,-0.9058713042748806,2.2296275690232767,3977.4030240580373
0.00025374903797335704,-1.0036340985658467,4.976138129324753,3940.9016404034496
0.00025609931002584595,0.6804098583851197,3.275993066322321,3904.7352368855595
0.0002584713507469564,-0.6598166969738374,4.217799454329946,3868.900739327975
0.0002608653617622548,-1.4623527354004575,1.7378817236533766,3833.3951017666013
0.00026328154656480213,-0.062358527417885494,0.7144008872450517,3798.2153061907343
0.00026572011053245054,-0.19631828508184349,1.8363012708634583,3763.3583622865344
0.00026818126094530154,1.4299863219754823,6.232007685483229,3728.821307182834
0.00027066520700332416,1.0241594095100814,5.299556952119357,3694.601205199302
0.0002731721598441376,0.9798168032793818,5.8434031896341185,3660.6951475969026
0.0002757023325609584,-1.3645575062535478,2.1138907837329075,3627.1002523306465
0.0002782559402207124,-2.0584339087297154,0.05159964824572658,3593.813663804628
0.00028083319988231727,0.36004542548622176,2.8403990178403493,3560.832552629278
0.00028343433061513097,-0.4172042790937597,0.23620710234499576,3528.1541153808826
0.0002860595535175742,-0.9668396826808239,4.265224824798188,3495.775574363275
0.00028870909173592366,0.20410351445455308,3.4171684271720806,3463.694177371732
0.0002913831704832787,-1.0992624649851577,4.393219579181455,3431.9071974590447
0.00029408201705870637,-1.2107818984591852,3.6582619023046474,3400.411932703706
0.00029680586086656025,-1.4511401788960576,0.4045222882319515,3369.205705980267
0.00029955493343598134,-0.5874049977337065,2.0109091131600803,3338.2858647317607
0.0003023294684405778,-1.401848171925235,4.011090573328879,3307.649780744241
0.00030512970171828695,-1.2866721628596298,3.0486557315191107,3277.2948499233835
0.00030795587129142264,-0.1515391057812681,2.2043634437535786,3247.218492073129
0.00031080821738690636,1.0050675262734075,3.876494968513887,3217.4181506763716
0.00031368698245668765,0.939852242152604,6.250558738538403,3187.8912926776457
0.00031659241119835226,-0.8316223886763361,3.418042256174866,3158.635408267817
0.0003195247505759212,-0.3096508698680364,4.542142080536352,3129.6480106707522
0.00032248424984084425,-0.06772017991487618,5.21996137624152,3100.9266359319263
0.0003254711605531848,0.3543257693805979,4.456500786733371,3072.4688427090036
0.0003284857366030044,0.8638052300153035,0.29843638997537675,3044.2722120643025
0.0003315282342319425,-0.40876015881237476,2.4275266861677363,3016.334347259196
0.00033459891205499736,-0.9505213975982285,0.22627363371968787,2988.652873550384
0.00033769803108250917,0.7375581054219573,2.8225443375289654,2961.225437988034
0.0003408258547423452,0.7240774202298311,1.626384337949466,2934.049709215787
0.0003439826489022924,0.7791014318844507,4.834148115542953,2907.1233772725786
0.00034716868189265613,0.6563206939534073,4.869295864723977,2880.4441533962963
0.0003503842245290674,1.7321054859692089,2.7198999249468727,2854.009769829239
0.00035362955013550426,2.1710790536521474,6.06048122826786,2827.817979625341
0.000356904934567523,2.024437487608619,6.276381927897437,2801.866556459195
0.000360210656235707,1.4569711768745206,4.774287999498689,2776.153294436801
0.0003635469961293319,0.6758701183412712,2.0417059292901585,2750.6760079080664
0.0003669142378402494,-1.6537760176181366,5.073175632584681,2725.4325312810274
0.0003703126675869927,-0.4348465801692654,3.7537246650385994,2700.4207188377727
0.00037374257423910645,1.0075981395041542,1.3342397741710696,2675.6384445520453
0.00037720424934169976,0.9061184988966915,5.8016561646877856,2651.083601908539
0.0003806979871402286,-1.0684563032228436,1.7242747757069963,2626.754103723837
0.0003842240846055061,-0.5212098455262086,3.410164104308909,2602.6478819690046
0.0003877828414589457,0.11876620658192656,0.33405036300154883,2578.762887593801
0.0003913745601980384,0.15303834094061286,0.9241743572928484,2555.097090352507
0.0003949995461220643,-0.4189469505929407,3.9629458887082727,2531.6484786313554
0.00039865810735804404,1.592075732422571,4.428474281222636,2508.41505927754
0.0004023505548869293,0.14831963692219033,1.8570462301898663,2485.3948574297983
0.00040607720257003656,0.029388015435353784,3.7119245733263346,2462.5859163505465
0.00040983836717572617,0.6922421003536591,5.459375924524349,2439.98629725955
0.0004136343684063273,-0.26058845919386964,0.7020087385070194,2417.594079169131
0.0004174655289253137,-1.3984153034350988,5.806972502479003,2395.407358720878
0.0004213321743847289,0.48651966478051595,2.737701494403449,2373.424250023866
0.0004252346334528682,-0.01791821472027619,5.839822915999763,2351.6428844943484
0.0004291732378422158,-0.344717286540098,1.2490707732137292,2330.061410696924
0.0004331483223376399,-0.5130060703850666,3.9080945766995683,2308.6779941871696
0.00043716022482485044,0.4403116264930832,0.7946109296385939,2287.490817355703
0.00044120928631911905,-0.4710957484680415,4.11364764728012,2266.4980792736924
0.00044529585099426557,0.9973632269420678,5.228999041331033,2245.6979955397737
0.00044942026621191424,1.493810653377829,0.6074472826351995,2225.088798128369
0.0004535828825510186,0.5257376996225177,1.9105880721757489,2204.66873523941
0.0004577840538376619,0.25033638706149425,1.6356708714682828,2184.4360711494273
0.0004620241371751313,-0.5416394970004091,3.272512788790065,2164.3890860640204
0.00046630349297427316,-1.6134656306161492,0.7921057358875088,2144.5260759716675
0.00047062248498412813,-1.0881009809330602,3.3792497388512492,2124.845352498883
0.00047498148032285,0.04057232210010302,4.276507754740709,2105.345242766706
0.0004793808495089109,0.33304537995524386,5.499906910857163,2086.024089248504
0.0004838209664925957,1.4098906831357227,1.8992541938626037,2066.8802496290823
0.000488302208687788,2.2284983873948017,4.292439364452602,2047.9120966650853
0.0004928249570040513,1.3197597813561257,2.623134416079691,2029.1180180466783
0.0004973895958790063,0.7717953458849143,4.884696258942309,2010.496416260499
0.0005019965133110082,-0.4729436295391295,3.604266534264497,1992.0457084538702
0.0005066461008921268,-0.575962827660756,5.274953913418453,1973.7643263002556
0.0005113387538414326,0.27880884847379217,0.7703717600322494,1955.6507158659492
0.0005160748710385908,0.20029724725237477,4.960560560609403,1937.7033374779887
0.0005208548550577661,0.9298860918995886,1.7074330092496526,1919.9206655932844
0.0005256791122018423,-0.4465536635952951,2.230818045024413,1902.3011886689446
0.0005305480525369575,-0.6144036002319165,1.0569352914850745,1884.8434090337953
0.0005354620899273608,1.025383462968322,5.031990970103766,1867.5458427610758
0.0005404216420705915,0.8799212344440158,3.4034195786370156,1850.4070195423021
0.0005454271305329834,0.2720320679843978,0.5900312827604374,1833.4254825622895
0.0005504789807854971,-1.4952289131784757,1.2141009137254002,1816.5997883753275
0.0005555776222398878,0.2570853628730444,5.467228080302582,1799.9285067824765
0.0005607234882852033,1.2508850374845313,0.04154027451480705,1783.410220710008
0.0005659170163246243,-0.07346306709393909,5.678740120393036,1767.0435260889467
0.0005711586478126433,-0.6963803846421427,4.920553465255375,1750.827031735724
0.0005764488282925876,-1.4464561264551639,3.1101602632147913,1734.7593592339315
0.0005817880074344935,-0.9282983711404399,1.1811231544588827,1718.8391428171456
0.0005871766390733255,-0.7639042270112272,4.439759210848858,1703.0650292528444
0.0005926151812475553,0.47982727294587796,3.996871219058707,1687.4356777273756
0.0005981040962380941,0.9777654574965501,6.084050183185152,1671.9497597319892
0.0006036438506075867,-0.14395587094939744,4.398142926411946,1656.6059589499143
0.0006092349152400712,-0.03203734893407187,5.396284310554037,1641.4029711444664
0.0006148777653810023,0.9124468616079676,5.761316857943252,1626.3395040481923
0.0006205728806776501,0.9457694561329717,1.3447254339703985,1611.41427725302
0.000626320745219869,2.4116682972634123,2.102628268842439,1596.6260221014259
0.0006321218475812451,0.9335545462659376,2.0268845974134617,1581.9734815786007
0.0006379766808606282,-0.08602610173878951,0.27476477247541287,1567.455410205595
0.0006438857427240421,1.008601417271142,1.2294019827040377,1553.0705739334596
0.0006498495354469888,2.3100117317446505,5.640230930399415,1538.8177500383465
0.0006558685659571432,1.9621578623830782,0.6193818117241692,1524.6957270175737
0.0006619433458774394,1.0019259421299362,5.063010966601402,1510.7033044866541
0.0006680743915695616,-0.535133451009041,1.9952348867416116,1496.8392930772554
0.0006742622241778343,0.9941380937728631,3.5239150624463527,1483.1025143361042
0.0006805073696735206,1.2112913779023493,4.576419269065915,1469.4918006248172
0.0006868103588995305,1.7978524400382598,2.425354039760053,1456.0059950206492
0.0006931717276155409,1.7406346383341365,4.060518410920823,1442.643951218157
0.0006995920165435376,0.45679969280246047,0.6859350399580305,1429.404533431761
0.0007060717714137772,0.8491654663810603,2.865505808166729,1416.2866162991988
0.0007126115430111746,1.3856057606434304,5.522176958194919,1403.289084785873
0.000719211887222119,-0.744238725724541,5.321030467464066,1390.4108340900702
0.0007258733650817253,-1.540483587418694,1.3701314302201928,1377.6507695490536
0.0007325965428215229,-1.5139079080027686,4.827131256916045,1365.0078065460139
0.0007393819919175866,-1.5200129697375737,6.157139569128924,1352.4808704178754
0.0007462302891391108,1.433579175590156,4.438897105299401,1340.0688963639507
0.0007531420165974371,0.8894066545581539,1.075810060622777,1327.77082935543
0.0007601177617955331,2.11854494675179,4.338959372500818,1315.5856240457038
0.0007671581176779302,0.6662338477080476,4.969265174965414,1303.512244681509
0.000774263682681127,0.022558446828855237,3.4352338091038117,1291.549665014884
0.0007814350607844542,0.0926625530636147,2.948963981033407,1279.6968682159415
0.0007886728615614152,-1.5856457793018206,0.7132679726413005,1267.9528467864345
0.0007959777002314986,-0.008131771466054892,0.4308813643448865,1256.3166024741201
0.0008033501977124735,1.209326596522728,1.0552292020315615,1244.787146187906
0.0008107909806731687,-0.47591093272723994,4.918309080093552,1233.363497913776
0.000818300681586739,0.5137551979645002,5.754462618921962,1222.0446866314887
0.0008258799387844268,0.39162429598056736,3.6561009709460417,1210.82975023204
0.0008335293965098195,0.4662305894777208,5.849305646942228,1199.7177354358844
0.0008412497049736119,0.9173714170109536,3.991313393625988,1188.7076977119032
0.0008490415204088748,0.9052251293306055,2.204933855420998,1177.798701197119
0.0008569055051268347,-1.6164846612920416,3.394872788927474,1166.9898186171474
0.0008648423275731721,-2.6273237860195717,5.366118305188427,1156.2801312073761
0.0008728526623848381,-2.738008667078436,6.235905235924922,1145.6687286348713
0.0008809371904473991,-0.9714870661954811,0.20259676552994094,1135.154708920999
0.0008890965989529158,-1.2152057620060197,4.927298511162713,1124.737178364752
0.000897331581458352,-1.4713477131635975,5.736237104319009,1114.415251466788
0.0009056428379445289,-0.7909669417712458,3.8237740346841247,1104.1880508541608
0.0009140310748756232,0.011390031554008893,4.885604360908905,1094.0547072057425
0.0009224970052592174,0.09273794271153707,4.696090113265775,1084.014359178331
0.0009310413487069075,-0.5658981236964703,3.475881139518608,1074.0661533334335
0.000939664831495469,-0.3701364129695355,3.9406355401313333,1064.2092440647248
0.0009483681866285924,-0.4652895024316785,4.578419521734022,1054.4427935261688
0.0009571521538991866,1.2612707925519682,6.184462408580086,1044.765971560804
0.0009660174799522646,0.29601691442823763,4.419144946073772,1035.1779556301763
0.0009749649183484088,-0.901402797266424,5.753997505601559,1025.6779307444217
0.0009839952296278231,-0.7392656298288885,3.0237800346824875,1016.2650893929947
0.0009931091813749795,-0.008060083323593113,1.422386042772622,1006.9386314760276
0.0010023075482838654,-1.1108089471652134,1.8546802728500127,997.6977642363202
0.0010115911122238297,-0.651884615080395,0.5474087738668117,988.5417021919574
0.0010209606623060464,0.2773396667577031,0.9185782895615313,979.4696670695397
0.001030416994950588,0.24823823357624866,2.9759170480008015,970.4808877380302
0.0010399609139541198,0.28076162081974704,1.106655801065073,961.5746001432101
0.0010495932305582278,0.9233870767622908,2.5870436801990904,952.7500472427289
0.00105931476351837,-0.3059719366596055,0.8900189373947277,944.0064789417603
0.001069126339173476,0.8748893807519954,0.2825287069822236,935.3431520292387
0.0010790287915161843,1.6887062362100458,2.572502475603035,926.7593301146877
0.00108902296226373,1.2093855830971092,2.8342119325736923,918.2542835656285
0.0010991097009294974,-0.7169798159275462,1.091624590286036,909.8272894455557
0.0011092898648952228,-1.4380020899572548,2.7165619107042103,901.4776314524918
0.0011195643194838783,-0.25112949190044725,4.754567272843459,893.2045998580968
0.0011299339380332223,1.3625997522585398,1.0658387294981368,885.0074914473433
0.0011403996019700325,-0.09902600707855899,3.4315009795254143,876.8856094587431
0.0011509622008850323,-0.17464232775787109,3.4788177641823697,868.8382635251185
0.001161622632608502,-0.46280500251389556,4.757535427292238,860.8647696149244
0.0011723818032865986,1.2165418542688404,1.4602769884562152,852.9644499741025
0.0011832406274583786,0.6458192242731494,2.27670376483316,845.1366330684718
0.0011942000281335318,-1.3624847699439049,5.923342278663248,837.3806535266494
0.0012052609368708427,-1.9596087478644353,2.5351460601207716,829.6958520834905
0.001216424293857368,-1.2653519992429816,3.6856386494696927,822.0815755240541
0.001227691047988359,1.4135046420297386,3.129321873940618,814.5371766280746
0.0012390621569479162,1.7707465608904371,3.7082250929111398,807.0620141149503
0.0012505385872903906,1.6323022764276276,3.051583119450637,799.6554525892351
0.0012621213145225475,1.7698314451132846,3.818613308604247,792.3168624866253
0.0012738113231864784,-0.8585430198750973,6.048203243998309,785.045620020451
0.0012856096069432958,-0.8656415663978174,1.15583531064284,777.8411071286487
0.0012975171686575877,-0.7498802659905656,2.083041656517388,770.7027114212299
0.001309535020482667,-0.10270450675134477,2.2699915165015385,763.6298261282246
0.001321664183946605,0.16996359951517945,0.46643955738257586,756.6218500481056
0.0013339056900390587,1.8989308866719792,6.138426566562548,749.6781874966877
0.0013462605792989104,2.3963444475906766,1.230840238684967,742.7982482564914
0.00135872990190271,2.9080593599868654,5.496188293788744,735.9814475265766
0.0013713147177539448,2.016452084816783,5.175918388107458,729.2272058728317
0.0013840160965731315,1.2299340363743902,3.384738547523795,722.5349491787215
0.0013968351179887398,0.7558678258348015,1.8747268920716145,715.9041085964888
0.001409772871628967,-1.481152118324871,0.8721000765291126,709.3341204987993
0.0014228304572143527,-0.714287749053279,4.4740278516163,702.8244264308349
0.00143600898465126,-1.0580852588006235,1.208513316441227,696.3744730628225
0.0014493095741262166,0.4354132092771514,3.4068065775384753,689.9837121430019
0.00146273335620113,0.7337252053239279,4.627992551188767,683.6516004510238
0.0014762814719093903,-0.10570063148370208,2.5102002866699458,677.3775997517748
0.0014899550728528544,0.5631829676624427,2.403438247038366,671.1611767496283
0.0015037553212997375,0.4096578208075459,5.715138691120208,665.0018030431122
0.0015176833902834053,0.3243346701363234,1.6747111249566708,658.898955079995
0.00153174046370208,0.38747877400886266,3.2552575330637117,652.8521141127846
0.0015459277364194776,1.377224651876922,4.352653535092544,646.8607661546325
0.0015602464143663689,-1.205060832341181,1.7769875141633815,640.9244019356453
0.001574697714643086,-1.1706584474758512,0.6826136738962525,635.0425168595965
0.001589282865622978,-1.4818177353348736,4.5731278730429334,629.2146109610344
0.0016040031070568201,-2.052997101223693,5.937581350459174,623.4401888627863
0.0016188596901781985,0.39941332739039126,6.216674277695512,617.7187597338491
0.0016338538778098613,0.84750742003433,3.8617843618648386,612.04983724767
0.001648986944471065,2.9709548686186924,1.2911704921615677,606.4329395408062
0.0016642601764859037,0.5579679217764679,0.46873406251715877,600.8675891719687
0.0016796748720926532,0.20402075316511548,4.082538637169378,595.353313081437
0.0016952323415541203,0.6278950666199279,0.5484580854909806,589.8896425508497
0.0017109339072690145,0.7099054433475335,0.08953373096448529,584.4761131633634
0.001726780903884356,-0.5301936817217988,2.34863365356927,579.1122647641758
0.001742774678408919,-1.8034457530334802,3.974753565818883,573.7976414214135
0.0017589165903277326,0.4660787566960084,5.007180926672497,568.5317913873754
0.001775208011717635,-0.41339968538495847,2.9806397543598493,563.3142670601355
0.0017916503273639004,0.4903939359679838,4.891236481101601,558.1446249454964
0.0018082449348779516,0.8354573854740206,0.04123662466726753,553.0224256192901
0.0018249932448161524,-0.1404460170063187,1.675562828455104,547.9472336900287
0.0018418966807997109,-1.0654485226122505,0.37787766761182645,542.9186177618943
0.0018589566796356875,1.0710971865688774,1.0482516935300192,537.93615039807
0.0018761746914391206,-0.6305024500828211,2.844556398329687,532.999408084409
0.001893552179756295,-0.28731076261066024,3.1036877757844934,528.1079711934332
0.001911090621689138,1.3921735269871849,5.710971062814842,523.2614239486662
0.0019287915080207776,0.7409920901150961,1.512260202879228,518.4593543892913
0.0019466563433422623,0.16323752789589757,4.620261615607278,513.7013543351342
0.0019646866461804453,0.30309017676818206,3.650859246568418,508.9870193519683
0.0019828839491270716,-0.6457139636619434,1.4174399578276962,504.3159487171358
0.002001249798969037,-0.6779242351790971,5.945348088471231,499.6877453854884
0.0020197857568198785,0.49321398769691793,4.84994594492539,495.10201595563507
0.0020384933982524633,-0.33347054797830816,5.210357181209911,490.5583706365048
0.0020573743134329127,-0.11946921959919467,2.7443834734187185,486.0564232142136
0.0020764301072557748,0.6445965653400794,0.368863455661626,481.5957910192351
0.002095662399480433,0.10550957622795276,4.133461867959343,477.17609489387456
0.0021150728248687948,0.5271618079605085,4.947292702257499,472.7969591600391
0.0021346630333242446,-0.672899933465265,2.605634432258724,468.4580115873047
0.0021544346900318834,0.39035546192567333,0.4245905714069667,464.15888336127796
0.0021743894756000802,0.45292027357189485,0.38233162639561924,459.89920905224375
0.0021945290862033138,-1.2855395363548983,2.2428484787022605,455.6786265841064
0.0022148552337263594,-0.9088319157286371,2.16455915240256,451.4967772036102
0.0022353696459097953,-0.7247892022627701,4.14461555561222,447.3533054498466
0.0022560740664968604,-0.8238890085261426,3.2699281356051193,443.2478591240398
0.0022769702553816803,1.0717238241100389,2.1831795894447525,439.1800892596085
0.002298059988758851,-0.09344863415166195,4.758240861118074,435.149650092505
0.0023193450592744287,-1.2664088255249748,4.401054875299598,431.1561990318226
0.002340827276178293,-0.43450749015747936,2.085222088734074,427.1993966306779
0.0023625084654779463,-1.1501646353662123,0.46991942923833696,423.27890655735507
0.0023843904700937206,-0.43032803947991477,3.256490987430191,419.39439556671863
0.002406475150015424,1.099057596159199,0.7811159317541427,415.54553347188755
0.0024287643824604517,-0.07944911459114196,4.003095446200623,411.7319931161677
0.0024512600620333388,-1.120140317973998,4.9907935119113205,407.9534503452451
0.002473964100886813,1.0437154187459534,2.8137817384653694,404.20958397963074
0.002496878428884327,0.36582717301056666,1.4103034324566432,400.5000757873611
0.0025200049937640925,-1.1594211695792367,1.627085171674464,396.8246104569481
0.0025433457613046498,0.10589662097577406,0.5581537279536612,393.1828755705768
0.0025669027154919507,-0.03491680745277161,1.6410288418222274,389.5745615775503
0.0025906778586880074,-2.0759306508412547,4.613930760448182,385.99936176797695
0.0026146732118010924,-0.9914765449449937,4.31165197647583,382.4569722466999
0.00263889081445751,-0.5363306402658247,3.7032117125359605,378.9470919074668
0.002663332725174982,-0.20145071207286055,2.9174066928188362,375.46942240733347
0.002688001021537606,-1.4224607175513364,4.923657415291732,372.02366814130676
0.002712897800372466,-0.9940912704291257,4.445396090475429,368.609536217216
0.0027380251779278576,0.6650892825056891,1.2068714545135952,365.22673643081754
0.0027633852900531696,0.13066937026893,4.540475155165858,361.87498124112807
0.002788980292380441,0.3274994071916273,2.777405704836156,358.5539857459815
0.00281481236050758,-2.037743088312683,0.25759053204330556,355.26346765781415
0.002840883690183303,-1.4814644730530846,3.4432146395328087,352.00314727966804
0.00286719649749377,0.5218384328317723,2.0447387544154267,348.77274748141775
0.0028937530190509503,-0.11374468648198288,3.9237656067577866,345.57199367621394
0.0029205555121827463,-0.4576501859173,0.6113483624769454,342.4006137971424
0.002947606255124857,-0.8182800564187439,6.128361476938148,339.25833827409934
0.0029749075472144406,-0.4281871177986152,3.6493731070220847,336.1449000108765
0.0030024617090855495,0.3510112713488976,3.590509609472073,333.06003436245885
0.0030302710828663967,0.46181589219339253,3.8444519131656327,330.0034791125285
0.003058338032378433,-0.38184849806574894,0.11098662039421349,326.97497445117665
0.0030866649433372727,0.6704758941169164,0.041674870087686375,323.97426295281974
0.003115254223555488,-0.15457300201067048,5.864620320347875,321.00108955431716
0.003144108303147265,-0.8524708173389383,3.9050355911726076,318.05520153329195
0.0031732296347349765,-1.6094455039003852,4.176702012923753,315.13634848664793
0.003202620693657652,-2.5978888852104562,0.9161711823845043,312.2442823092856
0.003232283978181379,-1.0398702396165171,4.524395764246045,309.3787571730138
0.0032622220097116702,0.359677800302356,1.4791682008123277,306.53952950565264
0.003292437333007769,1.6446880644750022,0.7919724311797642,303.72635797033115
0.0033229325163989716,1.7051455502131734,0.26337730463965686,300.9390034449721
0.0033537101520029304,2.2036192374378207,0.39206808006318544,298.1772290019672
0.003384772855945981,1.5026874638304724,4.710687918654439,295.44079988803816
0.003416123268585529,1.0593206880320243,6.1920513166842355,292.7294835042816
0.0034477640547344642,-0.03066677115418463,2.8018370908639505,290.04304938639916
0.003479697903887691,0.3368314401444595,2.1442312240129833,287.38126918510665
0.00351192753045073,0.6314880295565471,2.9927428331377395,284.7439166467246
0.0035444556739704335,-0.4241880024371466,5.906042207359728,282.13076759394727
0.0035772850993678737,-2.237849987960163,1.659127463151354,279.5415999067856
0.003610418597173337,-0.08273729857720002,3.375284857665105,276.9761935036891
0.0036438589837635444,-0.37172339420509015,3.0475936016140612,274.43433032283656
0.003677609101601033,-0.8445179397964733,1.1653439243790469,271.91579430360173
0.0037116718194757647,-0.24003632928733504,0.40648351369851954,269.4203713681884
0.003746050032748993,1.2494138478031216,3.940316498814142,266.9478494034321
0.0037807466635993493,-0.9478829725746633,5.306800247510227,264.498018242772
0.003815764661271249,0.3688422404148271,4.0836325619197895,262.0706696483852
0.0038511070023255706,1.9029621508484635,2.9254892925833316,259.6655972934871
0.003886776690892666,0.6447850803436648,1.3688796030838901,257.2825967447933
0.0039227767589277195,-0.19685030819537014,2.1647467081197878,254.9214654451423
0.0039591102664684585,-0.21450071935887804,1.1530577830382722,252.5820026962785
0.00399578030189527,-0.4112781512884449,1.8616800623034413,250.2640096417919
0.004032789982193708,-0.4125889384707856,2.2656997908683887,247.96728925021586
0.004070142453219437,-0.17855957718643287,3.507695434398548,245.6916462982791
0.004107840889965647,1.0473730174741605,2.557694038657713,243.43688735431104
0.004145888496832911,0.35984528200946286,0.8585194811780958,241.2028207618007
0.004184288507901582,-0.2302619227462046,5.796054000441391,238.98925662310492
0.004223044187206674,-0.04301096894029932,2.1922846214055034,236.79600678330775
0.004262158829015323,-0.5335767922519132,5.446459640127182,234.62288481422635
0.004301635758106795,0.9084815379585506,5.7944876013299975,232.4697059985648
0.004341478330055093,1.7228730759734259,0.09989971703735695,230.3362873142131
0.004381689931514192,1.5766846727333863,6.2568764542125335,228.22244741868974
0.0044222739805058996,1.883478397970591,2.2736935557273292,226.12800663372784
0.004463233926710395,0.14220450815444335,1.9767192270390603,224.05278693000196
0.004504573251759458,1.0203478626096274,0.5716119976804582,221.99661191199547
0.0045462954695324,0.23595444889113448,2.786526245127712,219.95930680300748
0.00458840412645476,-0.019188669499646375,3.059016820057853,217.94069843029544
0.0046309028017997396,0.12651228877966647,4.8652054708314445,215.94061521035664
0.004673795107992461,0.4296937571052382,3.1739191223686674,213.95888713434226
0.004717084690917017,0.1357803827270367,6.11721688833123,211.99534575360713
0.0047607752302263676,-0.6542236624568075,3.128255685306611,210.04982416539156
0.004804870439655132,-0.4256849376963014,1.0617744364906962,208.1221569986338
0.0048493740673352355,0.2339907051845381,2.07791945962977,206.21218039991436
0.004894289896114529,1.1147433757886245,4.336873639892858,204.31973201952715
0.004939621743878321,1.0744845395661822,1.506501058045038,202.44465099768038
0.004985373463873894,1.6546842814477483,3.663070618047255,200.5867779508234
0.005031548945038055,-0.9585605701233335,4.669413627517624,198.74595495809825
0.005078152112327673,-0.5532950344207281,0.01502206165534533,196.92202554791726
0.00512518692705333,0.27463694114249104,2.844145168446627,195.11483468466173
0.005172657387216019,-0.7224132264047779,4.0028497366099485,193.32422875550455
0.005220567527846976,0.480922832518945,5.009232414058938,191.55005555735275
0.005268921421350674,1.186563265485014,1.4900400066294408,189.79216428391004
0.005317723177850969,-0.2637319317438167,2.3910456901731307,188.05040551285825
0.005366976945540476,-0.34184661221638457,4.5453604460580435,186.324631193156
0.005416686911033152,-1.7405279912077807,5.821881182773654,184.61469463245476
0.00546685729972018,-1.8631773960381373,4.019601089976674,182.92045048462938
0.005517492376129126,-0.8346471748557619,4.5446002421347025,181.24175473742366
0.005568596444286411,-1.6622174303617563,0.999709979563961,179.57846470020962
0.005620173848083188,-1.7102500846901645,2.463211179260086,177.93043899185773
0.005672228971644544,0.8063641910424844,3.2862942100764143,176.29753752872057
0.005724766239702178,0.6742860860097026,1.4947955105698194,174.67962151272457
0.005777790117970504,-0.2177663843719654,4.319118254777807,173.0765534195725
0.005831305113526222,0.6045162128837078,1.2295953514152216,171.488196987054
0.005885315775191451,1.233903158167185,2.590405798933155,169.91441720346256
0.005939826693920356,1.3604997940112042,6.031451416147106,168.35508029612026
0.00599484250318941,0.6305801465662723,0.4011055589960459,166.8100537200059
0.0060503678793912205,-1.3853281486354814,0.38816940244316467,165.27920614648949
0.00610640754223204,-1.6901459593323847,2.9467966955739766,163.76240745216882
0.006162966255132942,0.06552926494441137,4.232314944582629,162.2595287078087
0.006220048825634712,-0.021273253071664416,5.163144557353695,160.77044216738236
0.0062776601058065,1.552587101517866,2.4955152206146773,159.2950212572123
0.00633580499265825,0.7198255973764018,1.3818683944807821,157.83314056521175
0.00639448842855694,-1.3149954673214659,5.247871166984225,156.3846758302247
0.0064537154016467025,-1.008123179344624,1.1237373524474101,154.94950393146314
0.006513490946272803,1.0316362105831218,1.2907398811934931,153.52750287804224
0.006573820143409586,0.25094682350655306,3.3754763429304733,152.11855179861047
0.0066347081210923475,-0.0285149179868392,5.8997693639856434,150.72253093107562
0.006696160054853219,0.6492592998945473,4.220391369436972,149.33932161242527
0.00675818116816111,0.9574605209800408,2.280699000892514,147.96880626863964
0.006820776732865685,-1.5412081308583,0.9782643867515912,146.61086840469844
0.0068839520696454964,-1.4261218403624718,5.682074113092666,145.2653925946781
0.006947712548460236,0.11826915107241244,1.926871979924154,143.93226447194073
0.0070120635890071805,-0.09158557301474614,6.237648829608004,142.61137071941292
0.0070770106611818895,-0.6744050609831848,1.415599757327168,141.30259905995337
0.007142559285543126,-1.7185452820992007,5.0205890495670085,140.00583824680976
0.007208715033782136,0.10072878186121213,3.361027033134371,138.7209780541621
0.007275483529196229,-0.5316494396135238,6.143202165843137,137.44790926775374
0.0073428704471667616,-0.27718363497402926,4.61434794118732,136.1865236756082
0.00741088151564157,-0.30977945853183003,1.867249903624655,134.93671405883066
0.007479522515621822,0.761478972910565,1.06618450031731,133.69837418249463
0.007548799281653436,0.8296750609132493,0.8260533946287448,132.47139878661167
0.007618717702322996,-0.7035139277386381,4.528646885551857,131.25568357718433
0.00768928372075831,0.1791886996272736,5.078609479879368,130.0511252173409
0.00776050333513357,-0.6642232285116949,0.8442687304779385,128.85762131855182
0.007832382599179196,0.2606585301886434,0.9749540913336272,127.67507043192657
0.007904927622696425,0.03155334743710962,6.1763529137073165,126.5033720395903
0.007978144572076625,1.8329215635760716,5.886843950175253,125.34242654614
0.008052039670825474,1.9291666706319268,0.38623687380801053,124.1921352701784
0.008126619200091946,1.2228305983358563,1.0801679009662437,123.05240043592615
0.008201889499202203,-1.0975351442090895,5.286893941324951,121.92312516491108
0.008277856966198477,0.16834156040024154,0.2542568461946691,120.80421346773282
0.008354528058382868,0.5577644060259874,6.076112475298959,119.69557023590433
0.008431909292866255,-0.48449516771149465,3.113434667889325,118.597101233767
0.008510007247122246,-0.4723247096182422,4.068209552842987,117.50871309048075
0.00858882855954625,0.3191066555540411,1.9655044502137224,116.43031329208769
0.008668379930019779,1.8062635484398106,5.552257530540523,115.36181017364778
0.00874866812047991,0.8547620932639232,1.1302841077332382,114.30311291144791
0.008829699955494087,0.14943762575576394,5.1770628755329735,113.25413151528122
0.008911482322840203,0.0636770199912951,3.7303126947325214,112.21477682079801
0.008994022174092045,-0.39166691311793844,0.13576071598424394,111.18496048192709
0.00907732652521023,0.308542580069335,2.8996574093597647,110.16459496336562
0.009161402457138517,0.25512563529408755,5.608741228286495,109.15359353313916
0.009246257116405738,0.3717315859909604,1.5045844285047825,108.15187025522887
0.009331897715733239,0.7210761563974125,6.105800493550462,107.15933998226711
0.009418331534647951,0.33788556351251164,3.1231325555967224,106.17591834830002
0.009505565920101197,-0.2120879040528982,5.86362008459254,105.20152176161584
0.009593608287093143,-0.6513536787528525,4.772115011082292,104.23606739764016
0.009682466119303124,0.8348647049880137,3.667914755806855,103.27947319189515
0.009772146969725724,-0.35138945052141374,5.728394732695471,102.3316578330245
0.009862658461312821,-0.08427969450852738,0.8018180703416197,101.39254075588153
0.009954008287621524,-0.7925547195223395,3.92816801078743,100.46204213468125
0.010046204213468132,0.5965297706107056,5.560312846647014,99.54008287621518
0.010139254075588154,1.0688020798475053,0.0,98.6265846131282
0.01023316578330245,-0.546762143314238,0.0,97.72146969725725
0.010327947319189514,-1.2546647678956406,0.0,96.82466119303125
0.01042360673976401,-1.2613341824693365,0.0,95.93608287093147
0.01052015217616159,0.8840633096207646,0.0,95.05565920101192
0.010617591834830001,-0.05539678674371211,0.0,94.18331534647952
0.010715933998226712,-0.40699667222215496,0.0,93.31897715733238
0.010815187025522881,-0.3894644360993463,0.0,92.46257116405744
0.010915359353313912,-1.0611063491522572,0.0,91.6140245713852
0.01101645949633657,-1.4118277868329738,0.0,90.77326525210223
0.01111849604819271,-0.5788236409157133,0.0,89.94022174092044
0.011221477682079801,-0.6319072493314862,0.0,89.11482322840203
0.011325413151528114,1.1267923473482506,0.0,88.29699955494092
0.011430311291144786,1.1025723504826899,0.0,87.48668120479915
0.011536181017364786,0.8369757254908292,0.0,86.68379930019773
0.011643031329208768,1.4944127959074844,0.0,85.8882855954625
0.011750871309048077,2.7978191835436625,0.0,85.10007247122246
0.011859710123376695,2.007819576581079,0.0,84.31909292866258
0.011969557023590427,1.8668548651061254,0.0,83.54528058382873
0.01208042134677329,0.6291989103130398,0.0,82.77856966198472
0.012192312516491107,0.7141500401859561,0.0,82.01889499202203
0.012305240043592616,1.2605266348013102,0.0,81.26619200091946
0.012419213527017834,1.2059219211214613,0.0,80.52039670825478
0.012534242654613994,0.33842269284780074,0.0,79.7814457207663
0.01265033720395904,-2.203541452984358,0.0,79.0492762269642
0.012767507043192659,-1.1863026753128025,0.0,78.32382599179195
0.012885762131855182,-0.3943484715876501,0.0,77.6050333513357
0.013005112521734086,-1.7852672735446844,0.0,76.89283720758313
0.013125568357718427,-0.6480941890956265,0.0,76.18717702322999
0.013247139878661175,1.1442755855818525,0.0,75.48799281653432
0.013369837418249467,-0.400679986935598,0.0,74.79522515621821
0.013493671405883065,0.4545824975340374,0.0,74.1088151564157
0.013618652367560814,0.04632444835696156,0.0,73.42870447166766
0.013744790926775368,-0.8506838286743835,0.0,72.75483529196232
0.013872097805416211,-0.45867687587824263,0.0,72.08715033782134
0.014000583824680975,0.42387160132978136,0.0,71.42559285543126
0.014130259905995337,-0.3876164714607777,0.0,70.77010661181889
0.014261137071941283,-1.3476173154070576,0.0,70.12063589007184
0.014393226447194065,-0.39893056444293873,0.0,69.4771254846024
0.014526539259467813,-0.08628185934317391,0.0,68.83952069645495
0.014661086840469843,-1.5816685535261459,0.0,68.20776732865686
0.014796880626863964,-1.6299187023414599,0.0,67.5818116816111
0.014933932161242518,-0.23085839870180194,0.0,66.96160054853222
0.015072253093107555,0.8951398279882815,0.0,66.3470812109235
0.01521185517986105,0.9971879279838312,0.0,65.73820143409584
0.015352750287804227,-1.1489406003567637,0.0,65.13490946272803
0.015494950393146316,0.4960222454664791,0.0,64.53715401646701
0.015638467583022463,1.2902922221771693,0.0,63.94488428556943
0.01578331405652118,0.9761918804391803,0.0,63.35804992658248
0.01592950212572123,-0.06156605329414198,0.0,62.776601058065
0.016077044216738237,-1.6991738198541153,0.0,62.200488256347114
0.016225952870780873,0.585050603025805,0.0,61.62966255132942
0.01637624074521687,-0.4455789318727095,0.0,61.064075422320435
0.016527920614648958,-1.6472439435470558,0.0,60.50367879391217
0.016681005372000592,0.23665054670596042,0.0,59.94842503189408
0.016835508029612024,1.084490129240516,0.0,59.398266939203566
0.01699144172034626,1.0444689651476509,0.0,58.8531577519145
0.01714881969870539,1.3045937532637115,0.0,58.31305113526225
0.01730765534195726,-1.1502677342416994,0.0,57.777901179705005
0.01746796215127246,-1.2242032397366092,0.0,57.24766239702178
0.017629753752872058,-1.3755314847132851,0.0,56.72228971644543
0.017793043899185776,-0.33781330111306385,0.0,56.20173848083187
0.017957846470020952,0.38690726880389126,0.0,55.68596444286413
0.018124175473742378,1.2418359165953692,0.0,55.174923761291225
0.01829204504846294,-2.8600103343183028,0.0,54.66857299720181
0.018461469463245478,-1.097251052608028,0.0,54.16686911033151
0.018632463119315597,0.6241580729000895,0.0,53.66976945540476
0.018805040551285814,0.2796518920276679,0.0,53.17723177850972
0.018979216428391014,-0.005632993233092756,0.0,52.689214213506716
0.01915500555573528,-0.1455797896986901,0.0,52.20567527846975
0.019332422875550453,2.269609271574677,0.0,51.72657387216019
0.019511483468466165,0.7801234999554618,0.0,51.25186927053333
0.019692202554791715,-0.020108146310460012,0.0,50.781521123276754
0.019874595495809836,-0.5416252248962489,0.0,50.31548945038052
0.020058677795082337,0.9369411719921616,0.0,49.85373463873894
0.020244465099768037,-0.1531343137396839,0.0,49.39621743878321
0.020431973201952704,0.3355693346606142,0.0,48.94289896114532
0.020621218039991424,0.44135538099692073,0.0,48.493740673352384
0.02081221569986339,0.11380080770706041,0.0,48.048704396551294
0.021004982416539156,0.5988861369889124,0.0,47.60775230226368
0.02119953457536071,0.8163486095674836,0.0,47.17084690917017
0.021395888713434216,-0.039276403047955086,0.0,46.737951079924635
0.021594061521035653,-0.24287878114309122,0.0,46.30902801799742
0.02179406984302956,0.17929968083852094,0.0,45.88404126454757
0.021995930680300747,0.7598882609525495,0.0,45.462954695324
0.022199661191199548,-0.756049211856405,0.0,45.04573251759459
0.022405278693000182,-1.1027093404380972,0.0,44.63233926710397
0.022612800663372772,0.12544156287440864,0.0,44.222739805059014
0.022822244741868985,-0.053033273609842425,0.0,43.8168993151419
0.023033628731421313,0.1739016075096181,0.0,43.41478330055092
0.02324697059985648,0.09759293428580461,0.0,43.01635758106795
0.023462288481422625,0.5264869820052857,0.0,42.62158829015325
0.02367960067833076,0.5482912592124426,0.0,42.23044187206677
0.023898925662310503,0.4941201365083823,0.0,41.8428850790158
0.024120282076180073,-0.8079707388927968,0.0,41.45888496832911
0.024343688735431104,-2.148273799376193,0.0,41.078408899656466
0.0245691646298279,-2.1806377381983904,0.0,40.701424532194395
0.024796728925021574,-0.5963036880859645,0.0,40.327899821937095
0.025026400964179196,0.7380267634360852,0.0,39.95780301895269
0.02525820026962785,0.39184854583517326,0.0,39.591102664684584
0.02549214654451423,0.7161607375515897,0.0,39.2277675892772
0.025728259674479323,-0.5078864159435406,0.0,38.867766908926676
0.025966559729348696,-0.315738097699752,0.0,38.51107002325573
0.026207066964838526,0.2896158270353147,0.0,38.15764661271248
0.0264498018242772,1.2168430177651552,0.0,37.80746663599349
0.02669478494034321,0.21675119300906123,0.0,37.46050032748993
0.026942037136818826,-0.5272928480936495,0.0,37.11671819475767
0.027191579430360192,-0.2349723534622085,0.0,36.776091016010305
0.027443433032283655,0.21463875365276253,0.0,36.43858983763544
0.02769761935036891,-0.36193858806241397,0.0,36.10418597173337
0.027954159990678566,0.7833146736270667,0.0,35.77285099367873
0.028213076759394707,0.9724923395054054,0.0,35.44455673970435
0.028474391664672475,-0.9449295675440236,0.0,35.11927530450728
0.028738126918510663,0.2623675385065195,0.0,34.79697903887692
0.029004304938639917,0.1853934314633091,0.0,34.47764054734464
0.029272948350428162,-0.7075756151371995,0.0,34.16123268585528
0.0295440799888038,-0.2897999293250341,0.0,33.84772855945983
0.029817722900196734,-1.1672180933025984,0.0,33.53710152002929
0.030093900344497212,-1.3357188870309595,0.0,33.229325163989714
0.030372635797033115,-1.3366725527888024,0.0,32.924373330077685
0.03065395295056527,-1.3687592108846336,0.0,32.622220097116696
0.030937875717301368,-1.6708675667294526,0.0,32.322839781813805
0.03122442823092858,-1.9127890870534652,0.0,32.0262069365765
0.0315136348486648,-0.7111425150204603,0.0,31.73229634734976
0.0318055201533292,-0.8082571745034808,0.0,31.441083031472647
0.032100108955431715,-0.8326133288355875,0.0,31.152542235554883
0.03239742629528196,0.5302109958472244,0.0,30.86664943337274
0.03269749744511768,0.7028546934179094,0.0,30.58338032378432
0.03300034791125286,0.7800495627626703,0.0,30.302710828663958
0.03330600343624589,-0.7566457045552234,0.0,30.024617090855493
0.03361449000108765,-0.948572038095714,0.0,29.74907547214441
0.03392583382740992,-0.5890762943371056,0.0,29.476062551248585
0.034240061379714255,-0.8265678480677031,0.0,29.20555512182745
0.034557199367621395,1.4363922016743538,0.0,28.937530190509502
0.03487727474814178,3.032905818114107,0.0,28.671964974937698
0.035200314727966794,1.3750212618648454,0.0,28.408836901833038
0.03552634676578139,1.5113748820175323,0.0,28.148123605075817
0.03585539857459817,-0.23796901530027015,0.0,27.889802923804396
0.0361874981241128,0.3674491319438748,0.0,27.6338529005317
0.03652267364308175,-0.8861631419936697,0.0,27.380251779278577
0.03686095362172158,-0.65153658853256,0.0,27.128978003724672
0.03720236681413066,-1.7707605307772654,0.0,26.880010215376075
0.03754694224073337,-0.9359525381364844,0.0,26.633327251749805
0.037894709190746674,-1.1322872811124625,0.0,26.388908144575105
0.03824569722466999,0.4962775832631544,0.0,26.14673211801092
0.038599936176797675,0.66087707729273,0.0,25.906778586880087
0.03895745615775501,-0.262313165000445,0.0,25.66902715491952
0.039318287557057706,-0.6180502631154708,0.0,25.433457613046482
0.03968246104569482,0.7437142421567356,0.0,25.200049937640923
0.040050007578736106,1.1989601804373062,0.0,24.96878428884327
0.04042095839796306,1.6982243958407293,0.0,24.73964100886814
0.04079534503452449,0.9123148253919926,0.0,24.512600620333398
0.041173199311616795,-0.43188721114330303,0.0,24.2876438246045
0.04155455334718876,-1.2810335591275246,0.0,24.064751500154237
0.04193943955667186,-1.4886306314216178,0.0,23.843904700937205
0.04232789065573549,0.15457446393753746,0.0,23.625084654779474
0.04271993966306777,0.5864413293737951,0.0,23.40827276178294
0.04311561990318229,0.7410310036431413,0.0,23.193450592744274
0.0435149650092505,-0.5557370627465864,0.0,22.98059988758851
0.04391800892596086,-0.18786881911525352,0.0,22.7697025538168
0.044324785912403956,-2.301460457231632,0.0,22.560740664968616
0.04473533054498463,-1.0169420686618047,0.0,22.353696459097964
0.04514967772036102,-0.768923642340612,0.0,22.14855233726359
0.04556786265841064,0.06203582642378356,0.0,21.945290862033136
0.045989920905224385,1.557054919083372,0.0,21.7438947560008
0.046415888336127774,-1.5990360711849472,0.0,21.544346900318843
0.04684580115873045,-0.5335781084217909,0.0,21.346630333242455
0.04727969591600391,0.9341983877965165,0.0,21.150728248687948
0.04771760948938746,-0.8522820353807525,0.0,20.95662399480433
0.04815957910192351,-0.46026493874802515,0.0,20.764301072557746
0.04860564232142134,-0.5861710256398771,0.0,20.57374313432914
0.04905583706365046,-0.3433111421145454,0.0,20.38493398252464
0.04951020159556351,1.0747596003783455,0.0,20.197857568198785
0.04996877453854884,0.9518418941372132,0.0,20.01249798969037
0.050431594871713586,0.7985739434716886,0.0,19.828839491270713
0.0508987019351968,1.2994058716835095,0.0,19.646866461804464
0.05137013543351344,0.0019154623647420323,0.0,19.466563433422614
0.05184593543892913,0.8145529920313036,0.0,19.287915080207778
0.05232614239486662,-0.9336301509807112,0.0,19.11090621689138
0.05281079711934331,-0.6541175352067407,0.0,18.935521797562952
0.05329994080844088,0.3816678368145535,0.0,18.761746914391214
0.05379361503980703,1.4106423755375304,0.0,18.589566796356866
0.054291861776189436,1.7975031040400762,0.0,18.418966807997105
0.054794723369002866,0.3712014045288764,0.0,18.249932448161523
0.055302242561929005,2.040912171855753,0.0,18.082449348779516
0.055814462494549605,0.43804329161501765,0.0,17.916503273639016
0.05633142670601358,0.17046834547702286,0.0,17.75208011717634
0.05685317913873753,-0.00511091241892713,0.0,17.589165903277326
0.05737976414214134,0.30868315034273436,0.0,17.42774678408919
0.05791122647641759,3.1911606840996303,0.0,17.26780903884356
0.058447611316336315,0.5516038012185948,0.0,17.10933907269015
0.05898896425508499,0.7848809213216189,0.0,16.952323415541198
0.0595353313081437,-0.4103535570505451,0.0,16.79674872092653
0.06008675891719687,-1.5948759088064837,0.0,16.642601764859034
0.06064329395408062,1.8825262967243086,0.0,16.48986944471065
0.061204983724766966,-0.5253825233874941,0.0,16.33853877809862
0.061771875973384946,-0.41557970951964357,0.0,16.188596901781974
0.06234401888627864,-0.10935623031593078,0.0,16.040031070568197
0.06292146109610344,-0.8145323200035656,0.0,15.89282865622978
0.06350425168595962,0.8819612827727981,0.0,15.746977146430867
0.0640924401935645,1.4847206078556474,0.0,15.602464143663697
0.06468607661546327,-0.2988982994358211,0.0,15.45927736419477
0.06528521141127848,-0.9212046667362338,0.0,15.317404637020797
0.0658898955079995,-0.44828807665367076,0.0,15.176833902834055
0.06650018030431118,-0.48982356200014676,0.0,15.037553212997386
0.06711611767496281,-0.7385882724795654,0.0,14.89955072852855
0.06773775997517752,-1.2533589728389778,0.0,14.762814719093896
0.06836516004510239,0.09864859910852694,0.0,14.627333562011298
0.06899837121430019,-0.18469760259830237,0.0,14.493095741262165
0.06963744730628223,0.6852460062160197,0.0,14.360089846512606
0.07028244264308346,0.016998839201363983,0.0,14.228304572143532
0.07093341204987998,-0.8551988319853104,0.0,14.09772871628966
0.07159041085964889,-0.18529238567164769,0.0,13.968351179887396
0.07225349491787214,0.9651042608857521,0.0,13.840160965731316
0.07292272058728312,0.24642873805654245,0.0,13.713147177539458
0.07359814475265763,0.3773997810328965,0.0,13.587299019027105
0.07427982482564918,0.032677647908799776,0.0,13.462605792989097
0.07496781874966878,0.5449127287441614,0.0,13.339056900390585
0.07566218500481055,-0.15552133898448478,0.0,13.216641839466051
0.07636298261282241,-0.5220385283134027,0.0,13.095350204826678
0.07707027114212296,-2.0285694038910003,0.0,12.97517168657588
0.0777841107128649,-0.7649517537407673,0.0,12.856096069432953
0.0785045620020451,0.9304137477359327,0.0,12.738113231864784
0.07923168624866253,1.6287495288437033,0.0,12.621213145225475
0.07996554525892346,0.6583391916004949,0.0,12.505385872903913
0.080706201411495,1.0638379723919118,0.0,12.390621569479169
0.08145371766280744,-0.7686395721005665,0.0,12.276910479883593
0.0822081575524054,-1.4695110298876923,0.0,12.16424293857368
0.08296958520834906,0.0201475992199324,0.0,12.052609368708428
0.0837380653526649,0.06628055396168643,0.0,11.942000281335325
0.08451366330684713,0.49281820449358216,0.0,11.832406274583791
0.08529644499741025,-1.823353641889421,0.0,11.723818032865985
0.08608647696149245,-1.7215904168943128,0.0,11.616226326085018
0.08688382635251184,-1.5208325446865838,0.0,11.509622008850323
0.08768856094587428,-1.7091165469016776,0.0,11.40399601970033
0.08850074914473438,1.0177866211504765,0.0,11.299339380332217
0.08932045998580967,0.33168923958786395,0.0,11.195643194838784
0.09014776314524918,-1.4276374551183053,0.0,11.092898648952227
0.09098272894455559,0.08651824972774991,0.0,10.991097009294972
0.09182542835656282,-0.7997727434706584,0.0,10.890229622637305
0.09267593301146883,-0.8709037389889304,0.0,10.790287915161837
0.09353431520292387,-1.4106937632345637,0.0,10.691263391734761
0.09440064789417603,-0.2588640420235841,0.0,10.593147635183701
0.0952750047242729,0.45607513211797673,0.0,10.495932305582278
0.09615746001432095,-0.5654528185855319,0.0,10.399609139541203
0.09704808877380307,-1.5965850299111468,0.0,10.304169949505875
0.09794696670695396,-0.6248310724046958,0.0,10.209606623060465
0.09885417021919574,-1.3167662715807682,0.0,10.115911122238296
0.09976977642363201,-0.40951856957370913,0.0,10.023075482838655
0.10069386314760272,-0.4149858411587033,0.0,9.9310918137498
0.10162650893929952,-0.8549672850412553,0.0,9.839952296278227
0.10256779307444219,-1.2315942572506782,0.0,9.749649183484086
0.10351779556301763,1.5806810607788706,0.0,9.660174799522645
0.10447659715608042,0.784310141848964,0.0,9.571521538991865
0.10544427935261684,-0.8663792605666554,0.0,9.483681866285927
0.10642092440647247,-0.14263846359027074,0.0,9.39664831495469
0.10740661533334335,-1.5980958025192862,0.0,9.310413487069075
0.1084014359178331,-0.8671430988486784,0.0,9.224970052592173
0.10940547072057424,-0.9964742742291236,0.0,9.140310748756232
0.11041880508541603,-0.9906914811237348,0.0,9.056428379445293
0.11144152514667882,-1.301055460535409,0.0,8.973315814583518
0.1124737178364752,-0.13394069847443557,0.0,8.890965989529159
0.1135154708920999,0.19487201165010254,0.0,8.809371904473991
0.11456687286348714,0.0008457930310030077,0.0,8.72852662384838
0.11562801312073755,-0.08461429190598797,0.0,8.648423275731727
0.11669898186171475,0.12064001622280651,0.0,8.569055051268347
0.11777987011971193,-0.21347529630509124,0.0,8.490415204088746
0.11887076977119033,0.8016297022500765,0.0,8.412497049736118
0.11997177354358844,1.4165193127700557,0.0,8.335293965098195
0.12108297502320393,-0.37535541068614303,0.0,8.258799387844272
0.12220446866314888,-0.2726581441938381,0.0,8.183006815867389
0.1233363497913776,-1.5020122040040949,0.0,8.107909806731687
0.12447871461879062,-0.24010192224700486,0.0,8.033501977124734
0.125631660247412,-0.6473736599484967,0.0,7.959777002314986
0.1267952846786434,0.30026801104656803,0.0,7.886728615614156
0.12796968682159418,-1.1090091623405198,0.0,7.814350607844541
0.12915496650148842,-0.020143969932531487,0.0,7.742636826811269
0.1303512244681509,0.2276540449580591,0.0,7.671581176779302
0.1315585624045704,-0.572394200403163,0.0,7.601177617955329
0.1327770829355429,-1.5004011713808654,0.0,7.531420165974375
0.13400688963639507,-1.145044563467177,0.0,7.462302891391108
0.13524808704178756,-0.21923071106417708,0.0,7.393819919175865
0.1365007806546014,0.4295099405837617,0.0,7.32596542821523
0.13776507695490536,-0.3972532051932074,0.0,7.258733650817253
0.13904108340900698,-0.3989681121786112,0.0,7.192118872221192
0.1403289084785873,-0.8608591116302954,0.0,7.126115430111746
0.14162866162991988,0.3591561608346129,0.0,7.060717714137772
0.14294045334317612,-0.2982537446720816,0.0,6.995920165435374
0.14426439512181574,-0.20328947987346885,0.0,6.931717276155407
0.14560059950206486,-0.8460784518691826,0.0,6.868103588995307
0.14694918006248173,-0.15928057860727907,0.0,6.805073696735207
0.14831025143361046,-1.1021357419090665,0.0,6.742622241778341
0.14968392930772556,0.4974235928998519,0.0,6.680743915695614
0.1510703304486654,-0.6004825821997426,0.0,6.619433458774394
0.15246957270175732,-1.1587397939247983,0.0,6.5586856595714345
0.15388177500383463,-1.434689298934705,0.0,6.498495354469889
0.155307057393346,-1.2856062485600694,0.0,6.4388574272404195
0.15674554102055951,-0.13082350263282308,0.0,6.3797668086062815
0.15819734815786,0.645786564479582,0.0,6.321218475812455
0.1596626022101425,0.5624191710667552,0.0,6.263207452198693
0.161141427725302,0.6688936120598795,0.0,6.2057288067765
0.1626339504048192,-0.5677422919299107,0.0,6.148777653810024
0.16414029711444666,-1.7630230613536793,0.0,6.092349152400711
0.16566059589499138,0.3338306561401782,0.0,6.036438506075869
0.16719497597319902,0.8725153631955478,0.0,5.981040962380938
0.16874356777273758,-0.019760260371127256,0.0,5.926151812475553
0.17030650292528443,-0.636488009081671,0.0,5.871766390733256
0.17188391428171457,1.0437639525138007,0.0,5.817880074344935
0.17347593592339308,1.923682853990192,0.0,5.764488282925879
0.17508270317357252,-0.20002973060420298,0.0,5.711586478126429
0.17670435260889467,-1.8506587940392216,0.0,5.659170163246243
0.1783410220710008,-0.6315848367238781,0.0,5.607234882852032
0.17999285067824766,0.43626532731006684,0.0,5.555776222398877
0.18165997883753268,2.307859355135229,0.0,5.504789807854973
0.18334254825622906,1.3043234957747374,0.0,5.454271305329831
0.18504070195423022,0.15724917296902688,0.0,5.4042164207059145
0.1867545842761076,1.4855989155009137,0.0,5.354620899273607
0.18848434090337954,0.5636836423143617,0.0,5.305480525369574
0.1902301188668944,-0.01826371558590898,0.0,5.2567911220184245
0.1919920665593285,-1.021686816265683,0.0,5.208548550577659
0.1937703337477989,-0.4882153283886256,0.0,5.160748710385907
0.19556507158659492,0.6979117661936071,0.0,5.113387538414326
0.19737643263002555,-0.522643161261465,0.0,5.0664610089212685
0.19920457084538692,0.41283958814506455,0.0,5.019965133110085
0.2010496416260499,0.2110816818444383,0.0,4.973895958790063
0.20291180180466784,-0.9111330032453395,0.0,4.928249570040513
0.20479120966650854,-0.09420291387562066,0.0,4.8830220868778795
0.2066880249629082,-0.5426911391558437,0.0,4.838209664925958
0.20860240892485027,-1.9384127992594617,0.0,4.793808495089112
0.2105345242766706,-0.9232387553246519,0.0,4.7498148032284995
0.2124845352498883,-0.22320273531450371,0.0,4.7062248498412815
0.21445260759716675,-2.0702892809145683,0.0,4.663034929742731
0.21643890860640203,-0.422705411247711,0.0,4.620241371751313
0.21844360711494262,-0.37257147618432124,0.0,4.577840538376621
0.22046687352394098,-2.254132377960652,0.0,4.535828825510186
0.22250887981283693,-0.15017603653460182,0.0,4.494202662119142
0.22456979955397738,-0.9857580939878576,0.0,4.452958509942656
0.22664980792736927,0.6563927121248836,0.0,4.41209286319119
0.22874908173557018,0.36221201122339697,0.0,4.371602248248506
0.23086779941871696,1.2314400736953133,0.0,4.331483223376399
0.23300614106969245,0.006740065065846886,0.0,4.291732378422158
0.23516428844943488,-1.693141716992618,0.0,4.252346334528681
0.23734242500238661,-0.4088733647198887,0.0,4.213321743847289
0.23954073587208768,1.179352331110448,0.0,4.174655289253139
0.24175940791691308,-1.1350400881767668,0.0,4.136343684063274
0.24399862972595504,-1.3795056744359078,0.0,4.0983836717572615
0.24625859163505467,-0.2860258595085308,0.0,4.060772025700365
0.24853948574297985,1.0317315682367347,0.0,4.023505548869293
0.2508415059277539,2.6284434928470524,0.0,3.9865810735804423
0.25316484786313553,0.36736723250820874,0.0,3.9499954612206434
0.2555097090352507,-2.0433694595030563,0.0,3.913745601980384
0.25787628875938007,-0.9420404975086986,0.0,3.8778284145894575
0.26026478819690047,-0.8509871588452472,0.0,3.8422408460550606
0.26267541037238357,-1.883590879638232,0.0,3.8069798714022878
0.2651083601908539,-0.9835437184154138,0.0,3.772042493416998
0.26756384445520454,-1.3649546384329425,0.0,3.737425742391064
0.27004207188377727,-0.0023337831482250796,0.0,3.703126675869927
0.2725432531281028,0.9023601959021879,0.0,3.6691423784024937
0.27506760079080644,-0.11945556570213868,0.0,3.635469961293322
0.2776153294436801,-0.5836004693587769,0.0,3.60210656235707
0.28018665564591955,-0.9677192441017993,0.0,3.5690493456752295
0.2827817979625341,-2.092296664769191,0.0,3.536295501355043
0.28540097698292377,0.2580176644831599,0.0,3.5038422452906755
0.2880444153396298,-0.2990796047742538,0.0,3.471686818926559
0.29071233772725785,-1.1859776077869368,0.0,3.4398264890229244
0.29340497092157874,-0.3756330182896163,0.0,3.4082585474234515
0.29612254379880343,-0.32263215336049395,0.0,3.3769803108250915
0.29886528735503826,0.11558391629905165,0.0,3.3459891205499748
0.30163343472591975,0.832623975110158,0.0,3.315282342319423
0.3044272212064303,-0.6904934215690294,0.0,3.2848573660300433
0.30724688427090036,-0.6644013178075735,0.0,3.254711605531848
0.31009266359319265,1.0665507108579797,0.0,3.2248424984084423
0.3129648010670751,-0.08980417944252551,0.0,3.1952475057592133
0.3158635408267819,-1.1746900250081007,0.0,3.1659241119835206
0.3187891292677646,-0.11412359780755857,0.0,3.1368698245668765
0.32174181506763716,-0.4267952846020493,0.0,3.1080821738690636
0.3247218492073129,0.9825178284778852,0.0,3.0795587129142263
0.3277294849923382,0.9425723097607152,0.0,3.0512970171828706
0.33076497807442423,0.43526346783852493,0.0,3.0232946844057764
0.33382858647317615,0.06721257075053108,0.0,2.9955493343598127
0.3369205705980267,-1.3614384831181257,0.0,2.9680586086656024
0.3400411932703706,0.1008645753578931,0.0,2.940820170587064
0.3431907197459043,0.381642825625665,0.0,2.913831704832788
0.34636941773717345,0.8035112261834978,0.0,2.8870909173592345
0.3495775574363275,-0.01805942614408575,0.0,2.860595535175742
0.3528154115380883,0.8977589369989207,0.0,2.8343433061513092
0.35608325526292783,1.146749427563564,0.0,2.808331998823172
0.3593813663804626,1.9376182418995682,0.0,2.782559402207126
0.36271002523306484,1.1902243316233037,0.0,2.7570233256095826
0.3660695147596903,1.2806906629693302,0.0,2.731721598441376
0.3694601205199302,-1.3080066488103084,0.0,2.7066520700332415
0.3728821307182834,0.4510970667409232,0.0,2.6818126094530155
0.37633583622865324,1.3055582712072762,0.0,2.657201105324507
0.37982153061907364,-0.1416488062658685,0.0,2.63281546564802
0.3833395101766602,1.3363753074272577,0.0,2.6086536176225477
0.3868900739327975,2.6278478733464357,0.0,2.584713507469564
0.390473523688556,-0.09678820699154668,0.0,2.5609931002584596
0.39409016404034475,-0.14113707105944845,0.0,2.5374903797335717
0.39774030240580366,-1.1288563415703547,0.0,2.5142033481427966
0.40142424904993224,-1.3117580224881393,0.0,2.4911300260677884
0.40514231711146476,0.22587949071946695,0.0,2.468268452255692
0.40889482262948607,-0.46766759532066776,0.0,2.4456166834524464
0.41268208457029515,0.3405910103533241,0.0,2.4231727942376007
0.4165044248545185,0.02662151398733346,0.0,2.400934876860652
0.4203621683844714,-0.8581759984522399,0.0,2.378901041078893
0.4242556430717777,-1.587596702264093,0.0,2.3570694139967276
0.42818517986524113,-1.0453733996263543,0.0,2.335438139906479
0.4321511127789762,-0.554007960581818,0.0,2.314005380130654
0.43615377892080054,-0.7047542564871034,0.0,2.292769312865649
0.44019351852088745,-0.9580187869429994,0.0,2.271728133026905
0.4442706749606883,0.7325810622909671,0.0,2.2508800520954617
0.44838559480211865,1.040554919182764,0.0,2.2302232979659387
0.4525386278170167,0.1827684082208037,0.0,2.209756114795903
0.4567301270168747,0.3785331166766447,0.0,2.1894767628566205
0.46096044868284336,-1.6575138764660138,0.0,2.1693835183851844
0.4652299523960189,-1.742905839638987,0.0,2.1494746734379806
0.46953900106800583,-1.5264476410740755,0.0,2.129748535745521
0.4738879609717651,-0.8945272184413675,0.0,2.1102034285685964
0.4782772017727486,0.4111991436753877,0.0,2.09083769055575
0.48270709656031835,0.10064528271788574,0.0,2.071649675602069
0.48717802187946313,0.10387409143570366,0.0,2.052637752709252
0.4916903577628026,1.4248937111194773,0.0,2.0338003058469822
0.4962444877628914,0.356986801549027,0.0,2.0151357338155584
0.5008407989848213,-0.3791479728663083,0.0,1.9966424501097932
0.5054796821191241,-0.843606172368786,0.0,1.9783188827841642
0.5101615314749833,-0.2907078176885844,0.0,1.9601634743191858
0.5148867450137492,0.2721165633866733,0.0,1.9421746814890266
0.5196557243827657,1.1723519698555982,0.0,1.9243509752303323
0.5244688749495119,0.7201646986787669,0.0,1.906690840512252
0.5293266058360561,0.034666728422883944,0.0,1.8891927762076666
0.5342293299538352,0.10922558702268169,0.0,1.8718552949655793
0.53917746403875,1.917357614972446,0.0,1.8546769230846993
0.5441714286865893,-0.00850910901359757,0.0,1.8376562003881705
0.5492116483887789,-0.37063302293911476,0.0,1.8207916800994626
0.554298551568467,0.47219491430817756,0.0,1.8040819287193826
0.5594325706169377,0.10443743394724818,0.0,1.7875255259042355
0.5646141419303666,0.6057907179387837,0.0,1.7711210643450888
0.5698437059469142,-0.26088702957798615,0.0,1.75486714964815
0.5751217071841613,-0.1448693402928871,0.0,1.7387624002162505
0.5804485942768978,-0.3784400365331887,0.0,1.722805447131394
0.5858248200152536,0.15603343079961693,0.0,1.7069949340384079
0.5912508413831875,0.5754042156542163,0.0,1.6913295170296487
0.5967271195973316,-0.47530122027031846,0.0,1.6758078645307672
0.6022541201461928,0.21116887619594343,0.0,1.6604286571875295
0.607832312829723,-0.42934296232670555,0.0,1.6451905877536623
0.6134621717992507,-0.519905871756142,0.0,1.630092360979741
0.6191441755977841,0.9087469750934787,0.0,1.6151326935030914
0.6248788072006894,0.20010709892014547,0.0,1.6003103137387
0.6306665540567405,-0.09367701294887074,0.0,1.5856239617711372
0.6365079081295572,0.3913335375087973,0.0,1.5710723892474503
0.642403365939419,0.24724770987860906,0.0,1.5566543592710622
0.6483534286054721,-1.728502052630533,0.0,1.5423686462966288
0.6543586018883236,-1.0414252629295346,0.0,1.5282140360258691
0.6604193962330305,-0.6299236403849303,0.0,1.5141893253043521
0.6665363268124914,-0.40118305958096784,0.0,1.500293322019218
0.6727099135712337,-0.534445170036423,0.0,1.4865248449978572
0.6789406812696106,-0.3227429953744541,0.0,1.4728827239075033
0.6852291595284065,-0.17140564359686433,0.0,1.459365799155756
0.6915758828738525,-0.2667208464713323,0.0,1.4459729217920194
0.6979813907830661,0.3196612658305349,0.0,1.4327029534098308
0.7044462277299037,-0.924301837291374,0.0,1.4195547660501016
0.7109709432312431,-0.2775998939457329,0.0,1.406527242105238
0.7175560918936928,0.18626814873124392,0.0,1.393619274224142
0.7242022334607315,1.846720159877375,0.0,1.3808297652180923
0.730909932860291,2.133611970027038,0.0,1.368157627967472
0.737679760252773,2.0920975606874954,0.0,1.355601785329369
0.7445122910795136,0.8154777422568183,0.0,1.3431611700460167
0.751408106111697,-0.07832953565580618,0.0,1.3308347246540748
0.758367791499719,0.3290910667700726,0.0,1.3186214013947486
0.7653919388230148,0.694413746978503,0.0,1.306520162124721
0.77248114514034,1.028857044898494,0.0,1.294529978227916
0.7796360130405229,1.326681383450194,0.0,1.2826498305280611
0.7868571506936851,1.3157930027247053,0.0,1.2708787092020584
0.794145171902934,0.6092076444619333,0.0,1.259215613694151
0.8015006961565405,0.16053975640416662,0.0,1.2476595526308698
0.8089243486805938,-0.0081687874191569,0.0,1.236209543736769
0.8164167604921464,1.070982933321835,0.0,1.224864613750932
0.8239785684528519,0.8920925273422773,0.0,1.2136237983442406
0.8316104153230961,1.4049011577976818,0.0,1.2024861420374124
0.8393129498166364,0.775379200708566,0.0,1.191450698119776
0.8470868266557402,-0.03966525517128631,0.0,1.1805165285688055
0.8549327066268376,-1.379956185609822,0.0,1.1696827039703859
0.8628512566366895,-0.6455729920827871,0.0,1.1589483034398107
0.8708431497690724,0.3175598273129463,0.0,1.148312414543511
0.8789090653419954,0.7098648633110632,0.0,1.1377741332214915
0.8870496889654403,0.02939019542540123,0.0,1.127332563710487
0.8952657125996392,0.029143548011605538,0.0,1.1169868184678238
0.9035578346138929,0.9295927301073421,0.0,1.1067360180959736
0.9119267598459299,1.0181382219372503,0.0,1.0965792912678098
0.9203731996618221,0.5448317182766591,0.0,1.0865157746525385
0.9288978720164498,1.1045131863777662,0.0,1.076544612842316
0.937501501514529,0.11787714154682671,0.0,1.0666649582795387
0.9461848194722002,-0.17168055882533104,0.0,1.056875971184804
0.9549485639791966,0.09973498275806146,0.0,1.0471768194855202
0.9637934799615786,-0.9923261095565481,0.0,1.0375666787451858
0.9727203192450538,-1.5370759925853155,0.0,1.0280447320933097
0.9817298406188841,-0.6058188212466815,0.0,1.0186101701559753
0.9908228099003797,0.6927783216885053,0.0,1.0092621909870474
1.0,-0.672206716034933,0.0,1.0
